variant,outer_fold,model,row_id,y_true,y_prob
FULL,1,LogReg,9,0,0.3346839872738334
FULL,1,LogReg,10,0,0.42383271360328784
FULL,1,LogReg,12,0,0.4110155055994688
FULL,1,LogReg,16,0,0.5669464396335944
FULL,1,LogReg,17,0,0.563453300662006
FULL,1,LogReg,19,0,0.5643139064584158
FULL,1,LogReg,31,0,0.2612753273702065
FULL,1,LogReg,32,1,0.7032481675094302
FULL,1,LogReg,43,1,0.7240056127291755
FULL,1,LogReg,44,1,0.5656040493565658
FULL,1,LogReg,49,1,0.5656040493565658
FULL,1,LogReg,50,1,0.6819444928052666
FULL,1,LinearSVM,9,0,0.3952911826722393
FULL,1,LinearSVM,10,0,0.4532359927080538
FULL,1,LinearSVM,12,0,0.3292195994116741
FULL,1,LinearSVM,16,0,0.10161259855356197
FULL,1,LinearSVM,17,0,0.18899582436617587
FULL,1,LinearSVM,19,0,0.2346965741721007
FULL,1,LinearSVM,31,0,0.1359637204992218
FULL,1,LinearSVM,32,1,0.697218453170996
FULL,1,LinearSVM,43,1,0.731471231924234
FULL,1,LinearSVM,44,1,1.0000000994736041e-07
FULL,1,LinearSVM,49,1,0.5066339106378568
FULL,1,LinearSVM,50,1,0.7795012090663597
FULL,1,RF,9,0,0.474
FULL,1,RF,10,0,0.362
FULL,1,RF,12,0,0.36
FULL,1,RF,16,0,0.176
FULL,1,RF,17,0,0.274
FULL,1,RF,19,0,0.3
FULL,1,RF,31,0,0.278
FULL,1,RF,32,1,0.572
FULL,1,RF,43,1,0.682
FULL,1,RF,44,1,0.446
FULL,1,RF,49,1,0.512
FULL,1,RF,50,1,0.706
FULL,1,HGB,9,0,0.02193900157272943
FULL,1,HGB,10,0,0.02193900157272943
FULL,1,HGB,12,0,0.02193900157272943
FULL,1,HGB,16,0,0.02193900157272943
FULL,1,HGB,17,0,0.02193900157272943
FULL,1,HGB,19,0,0.02193900157272943
FULL,1,HGB,31,0,0.02193900157272943
FULL,1,HGB,32,1,0.9726670308629045
FULL,1,HGB,43,1,0.9726670308629045
FULL,1,HGB,44,1,0.02193900157272943
FULL,1,HGB,49,1,0.02193900157272943
FULL,1,HGB,50,1,0.9726670308629045
FULL,2,LogReg,4,0,0.36047115388505685
FULL,2,LogReg,5,0,0.366870533039723
FULL,2,LogReg,8,0,0.3548158896440433
FULL,2,LogReg,13,0,0.5619509313719583
FULL,2,LogReg,14,0,0.48969886134527374
FULL,2,LogReg,26,0,0.23171917480211696
FULL,2,LogReg,27,0,0.23611096236325452
FULL,2,LogReg,33,1,0.7097897113553934
FULL,2,LogReg,37,1,0.7129583432845126
FULL,2,LogReg,46,1,0.7123484305338946
FULL,2,LogReg,48,1,0.7148520408971001
FULL,2,LogReg,56,1,0.6832767512280453
FULL,2,LinearSVM,4,0,0.6761881970646973
FULL,2,LinearSVM,5,0,0.041849549443721906
FULL,2,LinearSVM,8,0,0.12469215984936914
FULL,2,LinearSVM,13,0,0.5827141307357236
FULL,2,LinearSVM,14,0,0.5747856358533926
FULL,2,LinearSVM,26,0,0.001459272219350049
FULL,2,LinearSVM,27,0,0.002856415430785147
FULL,2,LinearSVM,33,1,0.7018576609499888
FULL,2,LinearSVM,37,1,0.994522610745275
FULL,2,LinearSVM,46,1,0.5
FULL,2,LinearSVM,48,1,0.6267412484762661
FULL,2,LinearSVM,56,1,0.8597428537493262
FULL,2,RF,4,0,0.042
FULL,2,RF,5,0,0.126
FULL,2,RF,8,0,0.142
FULL,2,RF,13,0,0.342
FULL,2,RF,14,0,0.216
FULL,2,RF,26,0,0.128
FULL,2,RF,27,0,0.006
FULL,2,RF,33,1,0.934
FULL,2,RF,37,1,0.882
FULL,2,RF,46,1,0.938
FULL,2,RF,48,1,0.798
FULL,2,RF,56,1,0.862
FULL,2,HGB,4,0,0.022253390175871888
FULL,2,HGB,5,0,0.06077445405738373
FULL,2,HGB,8,0,0.09943686859805247
FULL,2,HGB,13,0,0.0856230434975557
FULL,2,HGB,14,0,0.4143102286356818
FULL,2,HGB,26,0,0.031097636986880294
FULL,2,HGB,27,0,0.020290996088677373
FULL,2,HGB,33,1,0.8742515626290388
FULL,2,HGB,37,1,0.8742515626290388
FULL,2,HGB,46,1,0.9619584541665535
FULL,2,HGB,48,1,0.92766896069326
FULL,2,HGB,56,1,0.8850488779360196
FULL,3,LogReg,1,0,0.002022766344118265
FULL,3,LogReg,3,0,0.0009423846557636499
FULL,3,LogReg,11,0,0.013352816841040335
FULL,3,LogReg,23,0,0.008790379725409872
FULL,3,LogReg,28,0,0.0004572327539634118
FULL,3,LogReg,30,0,6.96041156922293e-05
FULL,3,LogReg,35,1,0.9483565878212149
FULL,3,LogReg,40,1,0.9801441671694531
FULL,3,LogReg,41,1,0.9812426338109418
FULL,3,LogReg,51,1,0.9403065306451539
FULL,3,LogReg,54,1,0.9365306609646878
FULL,3,LinearSVM,1,0,0.004278057592902968
FULL,3,LinearSVM,3,0,0.0017189013167450454
FULL,3,LinearSVM,11,0,0.016207949578080298
FULL,3,LinearSVM,23,0,0.02856670480871138
FULL,3,LinearSVM,28,0,0.010860021194989663
FULL,3,LinearSVM,30,0,0.0009451785973777099
FULL,3,LinearSVM,35,1,0.14411998553193914
FULL,3,LinearSVM,40,1,0.9355870263553766
FULL,3,LinearSVM,41,1,0.7353244177873354
FULL,3,LinearSVM,51,1,0.9432550411587718
FULL,3,LinearSVM,54,1,0.7067411976171054
FULL,3,RF,1,0,0.168
FULL,3,RF,3,0,0.208
FULL,3,RF,11,0,0.354
FULL,3,RF,23,0,0.086
FULL,3,RF,28,0,0.388
FULL,3,RF,30,0,0.244
FULL,3,RF,35,1,0.574
FULL,3,RF,40,1,0.7
FULL,3,RF,41,1,0.6
FULL,3,RF,51,1,0.558
FULL,3,RF,54,1,0.61
FULL,3,HGB,1,0,0.0351917489374107
FULL,3,HGB,3,0,0.020881144333620344
FULL,3,HGB,11,0,0.07079007627916849
FULL,3,HGB,23,0,0.031602877957843695
FULL,3,HGB,28,0,0.022504966734745627
FULL,3,HGB,30,0,0.019876814217165327
FULL,3,HGB,35,1,0.9421780945233909
FULL,3,HGB,40,1,0.9615834680562454
FULL,3,HGB,41,1,0.9693226389519246
FULL,3,HGB,51,1,0.9296299126880153
FULL,3,HGB,54,1,0.9220239320213333
FULL,4,LogReg,2,0,0.30612080434012
FULL,4,LogReg,7,0,0.35465095459080365
FULL,4,LogReg,15,0,0.5744737757533863
FULL,4,LogReg,20,0,0.5648071627379664
FULL,4,LogReg,22,0,0.5666105521118385
FULL,4,LogReg,25,0,0.2587412517534516
FULL,4,LogReg,36,1,0.7153270329071111
FULL,4,LogReg,45,1,0.7290675529137196
FULL,4,LogReg,47,1,0.7292629201485429
FULL,4,LogReg,52,1,0.6750639620930649
FULL,4,LogReg,55,1,0.670560383469444
FULL,4,LinearSVM,2,0,0.3747671863729916
FULL,4,LinearSVM,7,0,0.10101229441659423
FULL,4,LinearSVM,15,0,0.6398400639126711
FULL,4,LinearSVM,20,0,0.43004929960001204
FULL,4,LinearSVM,22,0,0.04761963518899602
FULL,4,LinearSVM,25,0,0.09935845443789842
FULL,4,LinearSVM,36,1,0.8969436164434941
FULL,4,LinearSVM,45,1,0.7795988838307046
FULL,4,LinearSVM,47,1,0.8803777700462839
FULL,4,LinearSVM,52,1,0.16984470715787894
FULL,4,LinearSVM,55,1,0.8854015083632899
FULL,4,RF,2,0,0.314
FULL,4,RF,7,0,0.276
FULL,4,RF,15,0,0.312
FULL,4,RF,20,0,0.426
FULL,4,RF,22,0,0.256
FULL,4,RF,25,0,0.2
FULL,4,RF,36,1,0.766
FULL,4,RF,45,1,0.584
FULL,4,RF,47,1,0.676
FULL,4,RF,52,1,0.556
FULL,4,RF,55,1,0.73
FULL,4,HGB,2,0,0.05087346015776002
FULL,4,HGB,7,0,0.01954711288228594
FULL,4,HGB,15,0,0.3078285081603621
FULL,4,HGB,20,0,0.031666252760662345
FULL,4,HGB,22,0,0.0319194193983125
FULL,4,HGB,25,0,0.02672226391918896
FULL,4,HGB,36,1,0.9606525629345469
FULL,4,HGB,45,1,0.955298199551831
FULL,4,HGB,47,1,0.955298199551831
FULL,4,HGB,52,1,0.9664834363314427
FULL,4,HGB,55,1,0.9725901111176715
FULL,5,LogReg,0,0,0.011664814552565655
FULL,5,LogReg,6,0,0.03700720893897166
FULL,5,LogReg,18,0,0.1404200552604448
FULL,5,LogReg,21,0,0.09353511384863429
FULL,5,LogReg,24,0,0.00021463105106795175
FULL,5,LogReg,29,0,0.012140740097647137
FULL,5,LogReg,34,1,0.9774395820562454
FULL,5,LogReg,38,1,0.983148406357603
FULL,5,LogReg,39,1,0.9782954294611369
FULL,5,LogReg,42,1,0.9853156373458625
FULL,5,LogReg,53,1,0.9359011929483144
FULL,5,LinearSVM,0,0,0.15144617092339832
FULL,5,LinearSVM,6,0,0.2793842330161924
FULL,5,LinearSVM,18,0,0.06995558866021968
FULL,5,LinearSVM,21,0,0.24674490854397502
FULL,5,LinearSVM,24,0,0.01796039566310291
FULL,5,LinearSVM,29,0,0.11001545323118865
FULL,5,LinearSVM,34,1,0.8332324337619323
FULL,5,LinearSVM,38,1,0.8779741847915559
FULL,5,LinearSVM,39,1,0.8716649055338026
FULL,5,LinearSVM,42,1,0.8055643434567761
FULL,5,LinearSVM,53,1,0.7270430272958642
FULL,5,RF,0,0,0.074
FULL,5,RF,6,0,0.148
FULL,5,RF,18,0,0.094
FULL,5,RF,21,0,0.058
FULL,5,RF,24,0,0.064
FULL,5,RF,29,0,0.066
FULL,5,RF,34,1,0.904
FULL,5,RF,38,1,0.84
FULL,5,RF,39,1,0.936
FULL,5,RF,42,1,0.95
FULL,5,RF,53,1,0.892
FULL,5,HGB,0,0,0.026142019435817884
FULL,5,HGB,6,0,0.07010290165253742
FULL,5,HGB,18,0,0.13683980982890762
FULL,5,HGB,21,0,0.019403104245292912
FULL,5,HGB,24,0,0.04359062056586001
FULL,5,HGB,29,0,0.04166948130387775
FULL,5,HGB,34,1,0.9276939266560816
FULL,5,HGB,38,1,0.9470459619199072
FULL,5,HGB,39,1,0.9534574958192403
FULL,5,HGB,42,1,0.9685922879792921
FULL,5,HGB,53,1,0.9685922879792921
CLINICAL,1,LogReg,9,0,0.5
CLINICAL,1,LogReg,10,0,0.5
CLINICAL,1,LogReg,12,0,0.5
CLINICAL,1,LogReg,16,0,0.5
CLINICAL,1,LogReg,17,0,0.5
CLINICAL,1,LogReg,19,0,0.5
CLINICAL,1,LogReg,31,0,0.5
CLINICAL,1,LogReg,32,1,0.5
CLINICAL,1,LogReg,43,1,0.5
CLINICAL,1,LogReg,44,1,0.5
CLINICAL,1,LogReg,49,1,0.5
CLINICAL,1,LogReg,50,1,0.5
CLINICAL,1,LinearSVM,9,0,0.36602483105958566
CLINICAL,1,LinearSVM,10,0,0.40320293341150065
CLINICAL,1,LinearSVM,12,0,0.4782010568596479
CLINICAL,1,LinearSVM,16,0,0.5184739837391178
CLINICAL,1,LinearSVM,17,0,0.4470944274211246
CLINICAL,1,LinearSVM,19,0,0.40629160386902763
CLINICAL,1,LinearSVM,31,0,0.4505720784538036
CLINICAL,1,LinearSVM,32,1,0.4519793621381347
CLINICAL,1,LinearSVM,43,1,0.4241522835500862
CLINICAL,1,LinearSVM,44,1,0.9999999999999699
CLINICAL,1,LinearSVM,49,1,0.4903090484699684
CLINICAL,1,LinearSVM,50,1,0.38361461660864493
CLINICAL,1,RF,9,0,0.5412017339763074
CLINICAL,1,RF,10,0,0.5232812415777669
CLINICAL,1,RF,12,0,0.41596611098873876
CLINICAL,1,RF,16,0,0.3527162039762671
CLINICAL,1,RF,17,0,0.5262366448178943
CLINICAL,1,RF,19,0,0.509121387010319
CLINICAL,1,RF,31,0,0.4664602232073519
CLINICAL,1,RF,32,1,0.4972355120581455
CLINICAL,1,RF,43,1,0.48742914877911087
CLINICAL,1,RF,44,1,0.48371580440871786
CLINICAL,1,RF,49,1,0.5107720463075729
CLINICAL,1,RF,50,1,0.5010667080503809
CLINICAL,1,HGB,9,0,0.5524220216284418
CLINICAL,1,HGB,10,0,0.68164496401591
CLINICAL,1,HGB,12,0,0.2665786102198147
CLINICAL,1,HGB,16,0,0.17174865410630155
CLINICAL,1,HGB,17,0,0.48531572830910386
CLINICAL,1,HGB,19,0,0.5903539758131561
CLINICAL,1,HGB,31,0,0.5376326635696282
CLINICAL,1,HGB,32,1,0.3490167867351827
CLINICAL,1,HGB,43,1,0.2728155453062893
CLINICAL,1,HGB,44,1,0.6364725695198373
CLINICAL,1,HGB,49,1,0.36260571520808516
CLINICAL,1,HGB,50,1,0.7066740646778894
CLINICAL,2,LogReg,4,0,0.999999687484439
CLINICAL,2,LogReg,5,0,0.00037436545535125094
CLINICAL,2,LogReg,8,0,0.0003510995905863723
CLINICAL,2,LogReg,13,0,0.015517774846417875
CLINICAL,2,LogReg,14,0,0.9055792989357677
CLINICAL,2,LogReg,26,0,0.01788990407246157
CLINICAL,2,LogReg,27,0,0.34370157160270964
CLINICAL,2,LogReg,33,1,0.01160839297657563
CLINICAL,2,LogReg,37,1,0.9999931667073505
CLINICAL,2,LogReg,46,1,0.02303736972016732
CLINICAL,2,LogReg,48,1,0.00010963938814506427
CLINICAL,2,LogReg,56,1,3.352272705873086e-05
CLINICAL,2,LinearSVM,4,0,0.40259450037722394
CLINICAL,2,LinearSVM,5,0,0.46187426958189476
CLINICAL,2,LinearSVM,8,0,0.45555380839290294
CLINICAL,2,LinearSVM,13,0,0.4551590571778829
CLINICAL,2,LinearSVM,14,0,0.4353584017256635
CLINICAL,2,LinearSVM,26,0,0.43938335242540794
CLINICAL,2,LinearSVM,27,0,0.4489659405118588
CLINICAL,2,LinearSVM,33,1,0.4452928989620816
CLINICAL,2,LinearSVM,37,1,0.41553433149741087
CLINICAL,2,LinearSVM,46,1,0.45123075562993864
CLINICAL,2,LinearSVM,48,1,0.463372057427395
CLINICAL,2,LinearSVM,56,1,0.4816946420140431
CLINICAL,2,RF,4,0,0.5033992956021002
CLINICAL,2,RF,5,0,0.44677786402892045
CLINICAL,2,RF,8,0,0.32751303523254915
CLINICAL,2,RF,13,0,0.47202783398819564
CLINICAL,2,RF,14,0,0.44777795281060007
CLINICAL,2,RF,26,0,0.36506307830754287
CLINICAL,2,RF,27,0,0.4357896149857133
CLINICAL,2,RF,33,1,0.49268240623227716
CLINICAL,2,RF,37,1,0.5363138813742817
CLINICAL,2,RF,46,1,0.5130700935760596
CLINICAL,2,RF,48,1,0.3967609028322799
CLINICAL,2,RF,56,1,0.4414641349417276
CLINICAL,2,HGB,4,0,0.14217579506671402
CLINICAL,2,HGB,5,0,0.6036445782599021
CLINICAL,2,HGB,8,0,0.12061570943286273
CLINICAL,2,HGB,13,0,0.7291101817287606
CLINICAL,2,HGB,14,0,0.3409001500631832
CLINICAL,2,HGB,26,0,0.14032864548251903
CLINICAL,2,HGB,27,0,0.13788349096627714
CLINICAL,2,HGB,33,1,0.5608487148215525
CLINICAL,2,HGB,37,1,0.23800431247354747
CLINICAL,2,HGB,46,1,0.5657448041512313
CLINICAL,2,HGB,48,1,0.06555399482380535
CLINICAL,2,HGB,56,1,0.21709129194283086
CLINICAL,3,LogReg,1,0,0.504164623783667
CLINICAL,3,LogReg,3,0,0.4960382089570938
CLINICAL,3,LogReg,11,0,0.5218721809417317
CLINICAL,3,LogReg,23,0,0.49470407035108765
CLINICAL,3,LogReg,28,0,0.5383309051438103
CLINICAL,3,LogReg,30,0,0.5091276414623396
CLINICAL,3,LogReg,35,1,0.5540879060222457
CLINICAL,3,LogReg,40,1,0.5007920887055286
CLINICAL,3,LogReg,41,1,0.5358281485947161
CLINICAL,3,LogReg,51,1,0.44348796451180234
CLINICAL,3,LogReg,54,1,0.4740088056172971
CLINICAL,3,LinearSVM,1,0,0.4745208022058505
CLINICAL,3,LinearSVM,3,0,0.48058154830464467
CLINICAL,3,LinearSVM,11,0,0.42914361484922986
CLINICAL,3,LinearSVM,23,0,0.570065499796883
CLINICAL,3,LinearSVM,28,0,0.5602056636294471
CLINICAL,3,LinearSVM,30,0,0.4474166266632617
CLINICAL,3,LinearSVM,35,1,0.4835826033910215
CLINICAL,3,LinearSVM,40,1,0.4261850039555975
CLINICAL,3,LinearSVM,41,1,0.424972376061111
CLINICAL,3,LinearSVM,51,1,0.46573608275335193
CLINICAL,3,LinearSVM,54,1,0.4696739661771017
CLINICAL,3,RF,1,0,0.4948267471524239
CLINICAL,3,RF,3,0,0.41145497073636866
CLINICAL,3,RF,11,0,0.35190819682115637
CLINICAL,3,RF,23,0,0.2502722221137327
CLINICAL,3,RF,28,0,0.5150856026669431
CLINICAL,3,RF,30,0,0.4290770328428979
CLINICAL,3,RF,35,1,0.4952507440323618
CLINICAL,3,RF,40,1,0.4195333646634703
CLINICAL,3,RF,41,1,0.407507681792432
CLINICAL,3,RF,51,1,0.3403497177361497
CLINICAL,3,RF,54,1,0.4427848826061837
CLINICAL,3,HGB,1,0,0.45569836498637617
CLINICAL,3,HGB,3,0,0.19236803488500906
CLINICAL,3,HGB,11,0,0.04996556602574066
CLINICAL,3,HGB,23,0,0.0063883577087757585
CLINICAL,3,HGB,28,0,0.8521658752544115
CLINICAL,3,HGB,30,0,0.15624233330945486
CLINICAL,3,HGB,35,1,0.2737091415869018
CLINICAL,3,HGB,40,1,0.32247375077246354
CLINICAL,3,HGB,41,1,0.15805304233732667
CLINICAL,3,HGB,51,1,0.007570505608192632
CLINICAL,3,HGB,54,1,0.10228850708865753
CLINICAL,4,LogReg,2,0,0.4082174757052899
CLINICAL,4,LogReg,7,0,0.29623172056046154
CLINICAL,4,LogReg,15,0,0.6796436471749874
CLINICAL,4,LogReg,20,0,0.8540505152345504
CLINICAL,4,LogReg,22,0,0.3131056795166718
CLINICAL,4,LogReg,25,0,0.5262514249819514
CLINICAL,4,LogReg,36,1,0.7141488703363149
CLINICAL,4,LogReg,45,1,0.3818098996246441
CLINICAL,4,LogReg,47,1,0.6623497208451266
CLINICAL,4,LogReg,52,1,0.21986206357033589
CLINICAL,4,LogReg,55,1,0.6120621175128681
CLINICAL,4,LinearSVM,2,0,0.43642573880485597
CLINICAL,4,LinearSVM,7,0,0.44022786953810344
CLINICAL,4,LinearSVM,15,0,0.43156900889823535
CLINICAL,4,LinearSVM,20,0,0.4287110008257828
CLINICAL,4,LinearSVM,22,0,0.4390714686697949
CLINICAL,4,LinearSVM,25,0,0.43487411081458355
CLINICAL,4,LinearSVM,36,1,0.43210653894301565
CLINICAL,4,LinearSVM,45,1,0.4375908306090319
CLINICAL,4,LinearSVM,47,1,0.4330638243248103
CLINICAL,4,LinearSVM,52,1,0.44067670108310925
CLINICAL,4,LinearSVM,55,1,0.43363257265009547
CLINICAL,4,RF,2,0,0.4837551541780421
CLINICAL,4,RF,7,0,0.4838499938108447
CLINICAL,4,RF,15,0,0.5472334596394229
CLINICAL,4,RF,20,0,0.6077015188525167
CLINICAL,4,RF,22,0,0.41703815021786306
CLINICAL,4,RF,25,0,0.43066027321026273
CLINICAL,4,RF,36,1,0.6162442523509517
CLINICAL,4,RF,45,1,0.5027822331875893
CLINICAL,4,RF,47,1,0.6205389634343977
CLINICAL,4,RF,52,1,0.3592186359703886
CLINICAL,4,RF,55,1,0.5569367048361401
CLINICAL,4,HGB,2,0,0.5783426442477485
CLINICAL,4,HGB,7,0,0.2881429764934738
CLINICAL,4,HGB,15,0,0.6022167654484801
CLINICAL,4,HGB,20,0,0.5103492951347015
CLINICAL,4,HGB,22,0,0.18645946894801213
CLINICAL,4,HGB,25,0,0.3353870331199429
CLINICAL,4,HGB,36,1,0.6795170684301046
CLINICAL,4,HGB,45,1,0.5573946731714631
CLINICAL,4,HGB,47,1,0.7059289989955009
CLINICAL,4,HGB,52,1,0.24592528458575524
CLINICAL,4,HGB,55,1,0.6795170684301046
CLINICAL,5,LogReg,0,0,0.5
CLINICAL,5,LogReg,6,0,0.5
CLINICAL,5,LogReg,18,0,0.5
CLINICAL,5,LogReg,21,0,0.5
CLINICAL,5,LogReg,24,0,0.5
CLINICAL,5,LogReg,29,0,0.5
CLINICAL,5,LogReg,34,1,0.5
CLINICAL,5,LogReg,38,1,0.5
CLINICAL,5,LogReg,39,1,0.5
CLINICAL,5,LogReg,42,1,0.5
CLINICAL,5,LogReg,53,1,0.5
CLINICAL,5,LinearSVM,0,0,0.4570005352414591
CLINICAL,5,LinearSVM,6,0,0.5200238983962955
CLINICAL,5,LinearSVM,18,0,0.3542381041985773
CLINICAL,5,LinearSVM,21,0,0.20048413584183183
CLINICAL,5,LinearSVM,24,0,0.3380716200737009
CLINICAL,5,LinearSVM,29,0,0.5494806191057119
CLINICAL,5,LinearSVM,34,1,0.4708123825128255
CLINICAL,5,LinearSVM,38,1,0.3378139354780093
CLINICAL,5,LinearSVM,39,1,0.29807539224243235
CLINICAL,5,LinearSVM,42,1,0.34765961533476786
CLINICAL,5,LinearSVM,53,1,0.3601860109203607
CLINICAL,5,RF,0,0,0.48532156724181336
CLINICAL,5,RF,6,0,0.41550460170846065
CLINICAL,5,RF,18,0,0.46813303957655916
CLINICAL,5,RF,21,0,0.5292761919814113
CLINICAL,5,RF,24,0,0.6118658346325113
CLINICAL,5,RF,29,0,0.27296058744917356
CLINICAL,5,RF,34,1,0.455949430832388
CLINICAL,5,RF,38,1,0.44512847688003104
CLINICAL,5,RF,39,1,0.6455749510072467
CLINICAL,5,RF,42,1,0.4821746276198339
CLINICAL,5,RF,53,1,0.5949790787247252
CLINICAL,5,HGB,0,0,0.3665880453609696
CLINICAL,5,HGB,6,0,0.07108353320776874
CLINICAL,5,HGB,18,0,0.5251166941231281
CLINICAL,5,HGB,21,0,0.3185260594544954
CLINICAL,5,HGB,24,0,0.9480478728055787
CLINICAL,5,HGB,29,0,0.0152107926105287
CLINICAL,5,HGB,34,1,0.06859173524962545
CLINICAL,5,HGB,38,1,0.44052402957800113
CLINICAL,5,HGB,39,1,0.930463978287053
CLINICAL,5,HGB,42,1,0.11117586455611975
CLINICAL,5,HGB,53,1,0.9219773310088674
BIOMARKERS,1,LogReg,9,0,0.5604704497702742
BIOMARKERS,1,LogReg,10,0,0.563721105700114
BIOMARKERS,1,LogReg,12,0,0.5645793054184999
BIOMARKERS,1,LogReg,16,0,0.3467759044432659
BIOMARKERS,1,LogReg,17,0,0.34697362802584786
BIOMARKERS,1,LogReg,19,0,0.35015973209248474
BIOMARKERS,1,LogReg,31,0,0.40809984995185183
BIOMARKERS,1,LogReg,32,1,0.5551480071155993
BIOMARKERS,1,LogReg,43,1,0.5514935072792064
BIOMARKERS,1,LogReg,44,1,0.5514935072792064
BIOMARKERS,1,LogReg,49,1,0.5514935072792064
BIOMARKERS,1,LogReg,50,1,0.5692923573091263
BIOMARKERS,1,LinearSVM,9,0,0.4527382628508865
BIOMARKERS,1,LinearSVM,10,0,0.27455605594329646
BIOMARKERS,1,LinearSVM,12,0,0.6087158380724019
BIOMARKERS,1,LinearSVM,16,0,0.032118938024359764
BIOMARKERS,1,LinearSVM,17,0,0.03573731551120858
BIOMARKERS,1,LinearSVM,19,0,0.037427445078038864
BIOMARKERS,1,LinearSVM,31,0,0.12127036734499518
BIOMARKERS,1,LinearSVM,32,1,0.7067256225861317
BIOMARKERS,1,LinearSVM,43,1,0.5528348292043376
BIOMARKERS,1,LinearSVM,44,1,0.6586806916897782
BIOMARKERS,1,LinearSVM,49,1,0.8176039935542174
BIOMARKERS,1,LinearSVM,50,1,0.7329601496281739
BIOMARKERS,1,RF,9,0,0.6410541290739349
BIOMARKERS,1,RF,10,0,0.41740638913512046
BIOMARKERS,1,RF,12,0,0.7429723450696567
BIOMARKERS,1,RF,16,0,0.14463130299104984
BIOMARKERS,1,RF,17,0,0.08519402391479727
BIOMARKERS,1,RF,19,0,0.11897617288716704
BIOMARKERS,1,RF,31,0,0.2013083539402637
BIOMARKERS,1,RF,32,1,0.6824677078069938
BIOMARKERS,1,RF,43,1,0.7684076058602876
BIOMARKERS,1,RF,44,1,0.7476529865490829
BIOMARKERS,1,RF,49,1,0.8702137043425667
BIOMARKERS,1,RF,50,1,0.9437601762485882
BIOMARKERS,1,HGB,9,0,0.8602388233867458
BIOMARKERS,1,HGB,10,0,0.07298679012370501
BIOMARKERS,1,HGB,12,0,0.9765413721287828
BIOMARKERS,1,HGB,16,0,0.0003544603780045481
BIOMARKERS,1,HGB,17,0,0.0013251964662889535
BIOMARKERS,1,HGB,19,0,0.011048591180062572
BIOMARKERS,1,HGB,31,0,0.06708458114508051
BIOMARKERS,1,HGB,32,1,0.9722378268774068
BIOMARKERS,1,HGB,43,1,0.9167744284718544
BIOMARKERS,1,HGB,44,1,0.9565660499192846
BIOMARKERS,1,HGB,49,1,0.989739637174736
BIOMARKERS,1,HGB,50,1,0.9931424862798964
BIOMARKERS,2,LogReg,4,0,0.5183117238544638
BIOMARKERS,2,LogReg,5,0,0.5368381274446823
BIOMARKERS,2,LogReg,8,0,0.5188348952513964
BIOMARKERS,2,LogReg,13,0,0.48192143658155473
BIOMARKERS,2,LogReg,14,0,0.5367459667774759
BIOMARKERS,2,LogReg,26,0,0.40178545912426844
BIOMARKERS,2,LogReg,27,0,0.4335535406222439
BIOMARKERS,2,LogReg,33,1,0.49516869323085316
BIOMARKERS,2,LogReg,37,1,0.5179828650988593
BIOMARKERS,2,LogReg,46,1,0.5029587630906048
BIOMARKERS,2,LogReg,48,1,0.5272373879133114
BIOMARKERS,2,LogReg,56,1,0.5717766075779525
BIOMARKERS,2,LinearSVM,4,0,0.4918812031395552
BIOMARKERS,2,LinearSVM,5,0,0.5195855045814178
BIOMARKERS,2,LinearSVM,8,0,0.5
BIOMARKERS,2,LinearSVM,13,0,0.4532075422220167
BIOMARKERS,2,LinearSVM,14,0,0.5229478345825481
BIOMARKERS,2,LinearSVM,26,0,0.3383880912976285
BIOMARKERS,2,LinearSVM,27,0,0.3805380234331277
BIOMARKERS,2,LinearSVM,33,1,0.46690933810350294
BIOMARKERS,2,LinearSVM,37,1,0.5
BIOMARKERS,2,LinearSVM,46,1,0.48126003589948607
BIOMARKERS,2,LinearSVM,48,1,0.5
BIOMARKERS,2,LinearSVM,56,1,0.5766973329359969
BIOMARKERS,2,RF,4,0,0.2458557032056588
BIOMARKERS,2,RF,5,0,0.4565954106454125
BIOMARKERS,2,RF,8,0,0.6436245151429113
BIOMARKERS,2,RF,13,0,0.5277240395505263
BIOMARKERS,2,RF,14,0,0.2325777387554529
BIOMARKERS,2,RF,26,0,0.20609549554332274
BIOMARKERS,2,RF,27,0,0.09252391453974086
BIOMARKERS,2,RF,33,1,0.6024866436796416
BIOMARKERS,2,RF,37,1,0.6192253423806988
BIOMARKERS,2,RF,46,1,0.6448879174059647
BIOMARKERS,2,RF,48,1,0.6656990885870214
BIOMARKERS,2,RF,56,1,0.6766197155718287
BIOMARKERS,2,HGB,4,0,0.047287942636594124
BIOMARKERS,2,HGB,5,0,0.477983901343544
BIOMARKERS,2,HGB,8,0,0.8524195428318831
BIOMARKERS,2,HGB,13,0,0.6255068578043994
BIOMARKERS,2,HGB,14,0,0.03675588148550675
BIOMARKERS,2,HGB,26,0,0.031527951096153035
BIOMARKERS,2,HGB,27,0,0.02577602119315463
BIOMARKERS,2,HGB,33,1,0.7702742328563718
BIOMARKERS,2,HGB,37,1,0.7702742328563718
BIOMARKERS,2,HGB,46,1,0.7901787425754672
BIOMARKERS,2,HGB,48,1,0.780907429163085
BIOMARKERS,2,HGB,56,1,0.8393309830267198
BIOMARKERS,3,LogReg,1,0,0.3476915186780078
BIOMARKERS,3,LogReg,3,0,2.21196073596064e-06
BIOMARKERS,3,LogReg,11,0,0.9999999445398438
BIOMARKERS,3,LogReg,23,0,1.1274851434968867e-07
BIOMARKERS,3,LogReg,28,0,3.338658763248248e-07
BIOMARKERS,3,LogReg,30,0,3.964201526021578e-08
BIOMARKERS,3,LogReg,35,1,0.9935587819959899
BIOMARKERS,3,LogReg,40,1,0.9924153120547946
BIOMARKERS,3,LogReg,41,1,0.9999919349771029
BIOMARKERS,3,LogReg,51,1,0.9951047740609499
BIOMARKERS,3,LogReg,54,1,0.9999915727952137
BIOMARKERS,3,LinearSVM,1,0,0.4648806109914385
BIOMARKERS,3,LinearSVM,3,0,0.10846331964408651
BIOMARKERS,3,LinearSVM,11,0,0.9379999509716239
BIOMARKERS,3,LinearSVM,23,0,0.05340084720508389
BIOMARKERS,3,LinearSVM,28,0,0.05376687058101593
BIOMARKERS,3,LinearSVM,30,0,0.030338371231627546
BIOMARKERS,3,LinearSVM,35,1,0.9235531953916444
BIOMARKERS,3,LinearSVM,40,1,0.7283019574519974
BIOMARKERS,3,LinearSVM,41,1,0.8819416872173272
BIOMARKERS,3,LinearSVM,51,1,0.7815040124902959
BIOMARKERS,3,LinearSVM,54,1,0.9031121535706479
BIOMARKERS,3,RF,1,0,0.024
BIOMARKERS,3,RF,3,0,0.034
BIOMARKERS,3,RF,11,0,0.538
BIOMARKERS,3,RF,23,0,0.008
BIOMARKERS,3,RF,28,0,0.304
BIOMARKERS,3,RF,30,0,0.134
BIOMARKERS,3,RF,35,1,0.36
BIOMARKERS,3,RF,40,1,0.882
BIOMARKERS,3,RF,41,1,0.614
BIOMARKERS,3,RF,51,1,0.826
BIOMARKERS,3,RF,54,1,0.892
BIOMARKERS,3,HGB,1,0,0.02002178597377498
BIOMARKERS,3,HGB,3,0,0.02537844457870367
BIOMARKERS,3,HGB,11,0,0.7354856788666829
BIOMARKERS,3,HGB,23,0,0.02537844457870367
BIOMARKERS,3,HGB,28,0,0.15888482703222354
BIOMARKERS,3,HGB,30,0,0.10306456468288079
BIOMARKERS,3,HGB,35,1,0.5609855081492477
BIOMARKERS,3,HGB,40,1,0.8360524601228957
BIOMARKERS,3,HGB,41,1,0.9106380678677036
BIOMARKERS,3,HGB,51,1,0.5821526443158552
BIOMARKERS,3,HGB,54,1,0.8245807939206151
BIOMARKERS,4,LogReg,2,0,0.8057684555159735
BIOMARKERS,4,LogReg,7,0,0.4397095582004128
BIOMARKERS,4,LogReg,15,0,0.23329763447862847
BIOMARKERS,4,LogReg,20,0,0.002423405545716831
BIOMARKERS,4,LogReg,22,0,0.00838001962910053
BIOMARKERS,4,LogReg,25,0,0.07505391133603925
BIOMARKERS,4,LogReg,36,1,0.3784523423128178
BIOMARKERS,4,LogReg,45,1,0.8409921557074889
BIOMARKERS,4,LogReg,47,1,0.6761526879238732
BIOMARKERS,4,LogReg,52,1,0.431919693411254
BIOMARKERS,4,LogReg,55,1,0.9492078522317607
BIOMARKERS,4,LinearSVM,2,0,0.6461678416897512
BIOMARKERS,4,LinearSVM,7,0,0.3989490063135341
BIOMARKERS,4,LinearSVM,15,0,0.12311400885853528
BIOMARKERS,4,LinearSVM,20,0,0.004943141369439521
BIOMARKERS,4,LinearSVM,22,0,0.012848388733018936
BIOMARKERS,4,LinearSVM,25,0,0.05677476982449743
BIOMARKERS,4,LinearSVM,36,1,0.16267135716353112
BIOMARKERS,4,LinearSVM,45,1,0.7171848126059173
BIOMARKERS,4,LinearSVM,47,1,0.565538338786972
BIOMARKERS,4,LinearSVM,52,1,0.4126865860145222
BIOMARKERS,4,LinearSVM,55,1,0.8863613687321582
BIOMARKERS,4,RF,2,0,0.39
BIOMARKERS,4,RF,7,0,0.216
BIOMARKERS,4,RF,15,0,0.096
BIOMARKERS,4,RF,20,0,0.206
BIOMARKERS,4,RF,22,0,0.11
BIOMARKERS,4,RF,25,0,0.048
BIOMARKERS,4,RF,36,1,0.578
BIOMARKERS,4,RF,45,1,0.688
BIOMARKERS,4,RF,47,1,0.71
BIOMARKERS,4,RF,52,1,0.72
BIOMARKERS,4,RF,55,1,0.826
BIOMARKERS,4,HGB,2,0,0.7989919580058432
BIOMARKERS,4,HGB,7,0,0.002133134680046587
BIOMARKERS,4,HGB,15,0,0.035229330026603854
BIOMARKERS,4,HGB,20,0,0.0007521020904685851
BIOMARKERS,4,HGB,22,0,0.00642887198827637
BIOMARKERS,4,HGB,25,0,0.00030264166911951184
BIOMARKERS,4,HGB,36,1,0.7648465641946961
BIOMARKERS,4,HGB,45,1,0.7165861375431073
BIOMARKERS,4,HGB,47,1,0.7433823622998155
BIOMARKERS,4,HGB,52,1,0.3362596502720768
BIOMARKERS,4,HGB,55,1,0.9863013421448231
BIOMARKERS,5,LogReg,0,0,0.8171704092938323
BIOMARKERS,5,LogReg,6,0,0.8553449678311478
BIOMARKERS,5,LogReg,18,0,0.0010697619920176887
BIOMARKERS,5,LogReg,21,0,0.025659291179891536
BIOMARKERS,5,LogReg,24,0,0.014655604136061285
BIOMARKERS,5,LogReg,29,0,0.7292947572562741
BIOMARKERS,5,LogReg,34,1,0.7413890206168166
BIOMARKERS,5,LogReg,38,1,0.8559924845000673
BIOMARKERS,5,LogReg,39,1,0.8632521451709649
BIOMARKERS,5,LogReg,42,1,0.9571364148487759
BIOMARKERS,5,LogReg,53,1,0.2727579140378974
BIOMARKERS,5,LinearSVM,0,0,0.6740387560590317
BIOMARKERS,5,LinearSVM,6,0,0.7292065962701116
BIOMARKERS,5,LinearSVM,18,0,0.0033658584714815047
BIOMARKERS,5,LinearSVM,21,0,0.0486936305940963
BIOMARKERS,5,LinearSVM,24,0,0.03125118839665744
BIOMARKERS,5,LinearSVM,29,0,0.6675237775512437
BIOMARKERS,5,LinearSVM,34,1,0.6119227005511079
BIOMARKERS,5,LinearSVM,38,1,0.7402450685247907
BIOMARKERS,5,LinearSVM,39,1,0.7784294548352697
BIOMARKERS,5,LinearSVM,42,1,0.8869913028341667
BIOMARKERS,5,LinearSVM,53,1,0.24412561436643673
BIOMARKERS,5,RF,0,0,0.178
BIOMARKERS,5,RF,6,0,0.77
BIOMARKERS,5,RF,18,0,0.012
BIOMARKERS,5,RF,21,0,0.144
BIOMARKERS,5,RF,24,0,0.11
BIOMARKERS,5,RF,29,0,0.378
BIOMARKERS,5,RF,34,1,0.592
BIOMARKERS,5,RF,38,1,0.572
BIOMARKERS,5,RF,39,1,0.654
BIOMARKERS,5,RF,42,1,0.864
BIOMARKERS,5,RF,53,1,0.618
BIOMARKERS,5,HGB,0,0,0.07449255885246737
BIOMARKERS,5,HGB,6,0,0.9015342547510403
BIOMARKERS,5,HGB,18,0,0.015748402734856115
BIOMARKERS,5,HGB,21,0,0.019968812851799515
BIOMARKERS,5,HGB,24,0,0.06550417189771791
BIOMARKERS,5,HGB,29,0,0.08816698916097616
BIOMARKERS,5,HGB,34,1,0.7386366235985851
BIOMARKERS,5,HGB,38,1,0.5987747993625326
BIOMARKERS,5,HGB,39,1,0.7386366235985851
BIOMARKERS,5,HGB,42,1,0.9201051239000322
BIOMARKERS,5,HGB,53,1,0.7867074431949468
