threshold,net_benefit,tp,fp,N,variant,model
0.01,0.4339890129363813,25,26,57,BIOMARKERS,HGB
0.02,0.4303616183315431,25,23,57,BIOMARKERS,HGB
0.03,0.42828721287755467,25,19,57,BIOMARKERS,HGB
0.04,0.4269005847953216,25,16,57,BIOMARKERS,HGB
0.05,0.4247460757156048,25,15,57,BIOMARKERS,HGB
0.060000000000000005,0.42179917879805895,25,15,57,BIOMARKERS,HGB
0.06999999999999999,0.42142991888322956,25,13,57,BIOMARKERS,HGB
0.08,0.42181540808543094,25,11,57,BIOMARKERS,HGB
0.09,0.42124542124542125,25,10,57,BIOMARKERS,HGB
0.09999999999999999,0.4191033138401559,25,10,57,BIOMARKERS,HGB
0.11,0.4190814113936526,25,9,57,BIOMARKERS,HGB
0.12,0.41706539074960125,25,9,57,BIOMARKERS,HGB
0.13,0.41500302480338774,25,9,57,BIOMARKERS,HGB
0.14,0.4128926968584251,25,9,57,BIOMARKERS,HGB
0.15000000000000002,0.4107327141382869,25,9,57,BIOMARKERS,HGB
0.16,0.4118629908103592,25,8,57,BIOMARKERS,HGB
0.17,0.4098499260198689,25,8,57,BIOMARKERS,HGB
0.18000000000000002,0.40778776208814715,25,8,57,BIOMARKERS,HGB
0.19,0.40567468052848166,25,8,57,BIOMARKERS,HGB
0.2,0.40350877192982454,25,8,57,BIOMARKERS,HGB
0.21000000000000002,0.4012880302020875,25,8,57,BIOMARKERS,HGB
0.22,0.3990103463787674,25,8,57,BIOMARKERS,HGB
0.23,0.3966735019366598,25,8,57,BIOMARKERS,HGB
0.24000000000000002,0.39427516158818093,25,8,57,BIOMARKERS,HGB
0.25,0.391812865497076,25,8,57,BIOMARKERS,HGB
0.26,0.3892840208629682,25,8,57,BIOMARKERS,HGB
0.27,0.3866858928142273,25,8,57,BIOMARKERS,HGB
0.28,0.3840155945419103,25,8,57,BIOMARKERS,HGB
0.29000000000000004,0.38127007659995055,25,8,57,BIOMARKERS,HGB
0.3,0.37844611528822053,25,8,57,BIOMARKERS,HGB
0.31,0.3755403000254258,25,8,57,BIOMARKERS,HGB
0.32,0.3725490196078431,25,8,57,BIOMARKERS,HGB
0.33,0.3694684472374967,25,8,57,BIOMARKERS,HGB
0.34,0.3487506645401382,24,8,57,BIOMARKERS,HGB
0.35000000000000003,0.34547908232118757,24,8,57,BIOMARKERS,HGB
0.36000000000000004,0.3421052631578947,24,8,57,BIOMARKERS,HGB
0.37,0.3386243386243386,24,8,57,BIOMARKERS,HGB
0.38,0.3350311262026033,24,8,57,BIOMARKERS,HGB
0.39,0.33132010353753233,24,8,57,BIOMARKERS,HGB
0.4,0.32748538011695905,24,8,57,BIOMARKERS,HGB
0.41000000000000003,0.3235206660719595,24,8,57,BIOMARKERS,HGB
0.42000000000000004,0.3194192377495462,24,8,57,BIOMARKERS,HGB
0.43,0.3151738996614343,24,8,57,BIOMARKERS,HGB
0.44,0.3107769423558897,24,8,57,BIOMARKERS,HGB
0.45,0.3062200956937799,24,8,57,BIOMARKERS,HGB
0.46,0.3014944769330734,24,8,57,BIOMARKERS,HGB
0.47000000000000003,0.2965905329361138,24,8,57,BIOMARKERS,HGB
0.48000000000000004,0.30769230769230765,24,7,57,BIOMARKERS,HGB
0.49,0.30306157550739593,24,7,57,BIOMARKERS,HGB
0.5,0.2982456140350877,24,7,57,BIOMARKERS,HGB
0.51,0.2932330827067669,24,7,57,BIOMARKERS,HGB
0.52,0.2880116959064327,24,7,57,BIOMARKERS,HGB
0.53,0.2825681224337439,24,7,57,BIOMARKERS,HGB
0.54,0.2768878718535469,24,7,57,BIOMARKERS,HGB
0.55,0.2709551656920077,24,7,57,BIOMARKERS,HGB
0.56,0.2647527910685805,24,7,57,BIOMARKERS,HGB
0.5700000000000001,0.2407180742554059,23,7,57,BIOMARKERS,HGB
0.5800000000000001,0.2339181286549707,23,7,57,BIOMARKERS,HGB
0.59,0.20924261874197692,22,7,57,BIOMARKERS,HGB
0.6,0.1842105263157895,21,7,57,BIOMARKERS,HGB
0.61,0.1763382816014395,21,7,57,BIOMARKERS,HGB
0.62,0.1680517082179132,21,7,57,BIOMARKERS,HGB
0.63,0.1891891891891892,21,6,57,BIOMARKERS,HGB
0.64,0.18128654970760233,21,6,57,BIOMARKERS,HGB
0.65,0.17293233082706763,21,6,57,BIOMARKERS,HGB
0.66,0.16408668730650153,21,6,57,BIOMARKERS,HGB
0.67,0.15470494417862835,21,6,57,BIOMARKERS,HGB
0.68,0.1447368421052631,21,6,57,BIOMARKERS,HGB
0.6900000000000001,0.1341256366723259,21,6,57,BIOMARKERS,HGB
0.7000000000000001,0.12280701754385959,21,6,57,BIOMARKERS,HGB
0.7100000000000001,0.11070780399274033,21,6,57,BIOMARKERS,HGB
0.72,0.08020050125313283,20,6,57,BIOMARKERS,HGB
0.73,0.06627680311890843,20,6,57,BIOMARKERS,HGB
0.74,0.06612685560053982,18,5,57,BIOMARKERS,HGB
0.75,0.03508771929824561,17,5,57,BIOMARKERS,HGB
0.76,0.020467836257309913,17,5,57,BIOMARKERS,HGB
0.77,-0.012967200610221219,16,5,57,BIOMARKERS,HGB
0.78,-0.06539074960127594,14,5,57,BIOMARKERS,HGB
0.79,-0.11946532999164583,12,5,57,BIOMARKERS,HGB
0.8,-0.08771929824561409,11,4,57,BIOMARKERS,HGB
0.81,-0.1061865189289013,11,4,57,BIOMARKERS,HGB
0.8200000000000001,-0.1267056530214426,11,4,57,BIOMARKERS,HGB
0.8300000000000001,-0.16718266253869984,10,4,57,BIOMARKERS,HGB
0.8400000000000001,-0.2280701754385967,8,4,57,BIOMARKERS,HGB
0.85,-0.25730994152046777,8,4,57,BIOMARKERS,HGB
0.86,-0.18295739348370926,8,3,57,BIOMARKERS,HGB
0.87,-0.0944669365721997,8,2,57,BIOMARKERS,HGB
0.88,-0.11695906432748537,8,2,57,BIOMARKERS,HGB
0.89,-0.14354066985645936,8,2,57,BIOMARKERS,HGB
0.9,-0.17543859649122812,8,2,57,BIOMARKERS,HGB
0.91,-0.03703703703703709,8,1,57,BIOMARKERS,HGB
0.92,-0.09649122807017554,6,1,57,BIOMARKERS,HGB
0.93,-0.14536340852130342,5,1,57,BIOMARKERS,HGB
0.9400000000000001,-0.18713450292397688,5,1,57,BIOMARKERS,HGB
0.9500000000000001,-0.24561403508771978,5,1,57,BIOMARKERS,HGB
0.9600000000000001,-0.35087719298245695,4,1,57,BIOMARKERS,HGB
0.97,-0.49707602339181234,4,1,57,BIOMARKERS,HGB
0.98,0.05263157894736842,3,0,57,BIOMARKERS,HGB
0.99,0.017543859649122806,1,0,57,BIOMARKERS,HGB
0.01,0.4332801701222754,25,30,57,BIOMARKERS,LinearSVM
0.02,0.4282133906194056,25,29,57,BIOMARKERS,LinearSVM
0.03,0.4228612769035992,25,29,57,BIOMARKERS,LinearSVM
0.04,0.42105263157894735,25,24,57,BIOMARKERS,LinearSVM
0.05,0.4173591874422899,25,23,57,BIOMARKERS,LinearSVM
0.060000000000000005,0.41620007465472186,25,20,57,BIOMARKERS,LinearSVM
0.06999999999999999,0.4121863799283154,25,20,57,BIOMARKERS,LinearSVM
0.08,0.4080854309687261,25,20,57,BIOMARKERS,LinearSVM
0.09,0.4038943512627723,25,20,57,BIOMARKERS,LinearSVM
0.09999999999999999,0.3996101364522417,25,20,57,BIOMARKERS,LinearSVM
0.11,0.397397989355411,25,19,57,BIOMARKERS,LinearSVM
0.12,0.3931419457735247,25,19,57,BIOMARKERS,LinearSVM
0.13,0.3940310546481145,25,17,57,BIOMARKERS,LinearSVM
0.14,0.39004487964096285,25,17,57,BIOMARKERS,LinearSVM
0.15000000000000002,0.38596491228070173,25,17,57,BIOMARKERS,LinearSVM
0.16,0.3817878028404344,25,17,57,BIOMARKERS,LinearSVM
0.17,0.35996618051151974,24,17,57,BIOMARKERS,LinearSVM
0.18000000000000002,0.355584082156611,24,17,57,BIOMARKERS,LinearSVM
0.19,0.3510937838423218,24,17,57,BIOMARKERS,LinearSVM
0.2,0.3464912280701754,24,17,57,BIOMARKERS,LinearSVM
0.21000000000000002,0.34177215189873417,24,17,57,BIOMARKERS,LinearSVM
0.22,0.336932073774179,24,17,57,BIOMARKERS,LinearSVM
0.23,0.33196627933470035,24,17,57,BIOMARKERS,LinearSVM
0.24000000000000002,0.3268698060941828,24,17,57,BIOMARKERS,LinearSVM
0.25,0.30409356725146197,23,17,57,BIOMARKERS,LinearSVM
0.26,0.2987197724039829,23,17,57,BIOMARKERS,LinearSVM
0.27,0.29319875030040854,23,17,57,BIOMARKERS,LinearSVM
0.28,0.29434697855750486,23,16,57,BIOMARKERS,LinearSVM
0.29000000000000004,0.28885594267358533,23,16,57,BIOMARKERS,LinearSVM
0.3,0.2832080200501253,23,16,57,BIOMARKERS,LinearSVM
0.31,0.27739638952453594,23,16,57,BIOMARKERS,LinearSVM
0.32,0.2714138286893705,23,16,57,BIOMARKERS,LinearSVM
0.33,0.2652526839486776,23,16,57,BIOMARKERS,LinearSVM
0.34,0.26794258373205737,23,15,57,BIOMARKERS,LinearSVM
0.35000000000000003,0.26180836707152494,23,15,57,BIOMARKERS,LinearSVM
0.36000000000000004,0.2554824561403508,23,15,57,BIOMARKERS,LinearSVM
0.37,0.24895572263993315,23,15,57,BIOMARKERS,LinearSVM
0.38,0.24221844934917938,23,15,57,BIOMARKERS,LinearSVM
0.39,0.24647684785734827,23,14,57,BIOMARKERS,LinearSVM
0.4,0.2514619883040935,23,13,57,BIOMARKERS,LinearSVM
0.41000000000000003,0.24501932798096934,23,13,57,BIOMARKERS,LinearSVM
0.42000000000000004,0.22081064730792493,22,13,57,BIOMARKERS,LinearSVM
0.43,0.213911972914743,22,13,57,BIOMARKERS,LinearSVM
0.44,0.20676691729323307,22,13,57,BIOMARKERS,LinearSVM
0.45,0.19936204146730463,22,13,57,BIOMARKERS,LinearSVM
0.46,0.22157244964262507,22,11,57,BIOMARKERS,LinearSVM
0.47000000000000003,0.21284342932803707,21,10,57,BIOMARKERS,LinearSVM
0.48000000000000004,0.20647773279352225,21,10,57,BIOMARKERS,LinearSVM
0.49,0.1823185414516684,20,10,57,BIOMARKERS,LinearSVM
0.5,0.19298245614035087,20,9,57,BIOMARKERS,LinearSVM
0.51,0.1697099892588614,18,8,57,BIOMARKERS,LinearSVM
0.52,0.18274853801169588,18,7,57,BIOMARKERS,LinearSVM
0.53,0.1970884658454647,18,6,57,BIOMARKERS,LinearSVM
0.54,0.19221967963386727,18,6,57,BIOMARKERS,LinearSVM
0.55,0.18713450292397657,18,6,57,BIOMARKERS,LinearSVM
0.56,0.164274322169059,17,6,57,BIOMARKERS,LinearSVM
0.5700000000000001,0.14116687066503464,16,6,57,BIOMARKERS,LinearSVM
0.5800000000000001,0.11779448621553879,15,6,57,BIOMARKERS,LinearSVM
0.59,0.11168164313222081,15,6,57,BIOMARKERS,LinearSVM
0.6,0.10526315789473686,15,6,57,BIOMARKERS,LinearSVM
0.61,0.12595591542959964,15,5,57,BIOMARKERS,LinearSVM
0.62,0.10249307479224376,14,5,57,BIOMARKERS,LinearSVM
0.63,0.09625414888572784,14,5,57,BIOMARKERS,LinearSVM
0.64,0.08966861598440545,14,5,57,BIOMARKERS,LinearSVM
0.65,0.11528822055137841,14,4,57,BIOMARKERS,LinearSVM
0.66,0.0918472652218782,13,4,57,BIOMARKERS,LinearSVM
0.67,0.12121212121212119,13,3,57,BIOMARKERS,LinearSVM
0.68,0.15350877192982454,13,2,57,BIOMARKERS,LinearSVM
0.6900000000000001,0.1499717034521788,13,2,57,BIOMARKERS,LinearSVM
0.7000000000000001,0.14619883040935672,13,2,57,BIOMARKERS,LinearSVM
0.7100000000000001,0.12462189957652747,12,2,57,BIOMARKERS,LinearSVM
0.72,0.10275689223057645,11,2,57,BIOMARKERS,LinearSVM
0.73,0.12800519818063677,10,1,57,BIOMARKERS,LinearSVM
0.74,0.10796221322537111,9,1,57,BIOMARKERS,LinearSVM
0.75,0.08771929824561403,8,1,57,BIOMARKERS,LinearSVM
0.76,0.0847953216374269,8,1,57,BIOMARKERS,LinearSVM
0.77,0.08161708619374522,8,1,57,BIOMARKERS,LinearSVM
0.78,0.060606060606060594,7,1,57,BIOMARKERS,LinearSVM
0.79,0.03926482873851293,6,1,57,BIOMARKERS,LinearSVM
0.8,0.0350877192982456,6,1,57,BIOMARKERS,LinearSVM
0.81,0.030470914127423795,6,1,57,BIOMARKERS,LinearSVM
0.8200000000000001,0.007797270955165664,5,1,57,BIOMARKERS,LinearSVM
0.8300000000000001,0.002063983488132054,5,1,57,BIOMARKERS,LinearSVM
0.8400000000000001,-0.004385964912280757,5,1,57,BIOMARKERS,LinearSVM
0.85,-0.011695906432748523,5,1,57,BIOMARKERS,LinearSVM
0.86,-0.020050125313283193,5,1,57,BIOMARKERS,LinearSVM
0.87,-0.029689608636977047,5,1,57,BIOMARKERS,LinearSVM
0.88,-0.04093567251461988,5,1,57,BIOMARKERS,LinearSVM
0.89,-0.10685805422647529,2,1,57,BIOMARKERS,LinearSVM
0.9,-0.12280701754385967,2,1,57,BIOMARKERS,LinearSVM
0.91,-0.15984405458089673,1,1,57,BIOMARKERS,LinearSVM
0.92,-0.18421052631578957,1,1,57,BIOMARKERS,LinearSVM
0.93,-0.23308270676691745,0,1,57,BIOMARKERS,LinearSVM
0.9400000000000001,0.0,0,0,57,BIOMARKERS,LinearSVM
0.9500000000000001,0.0,0,0,57,BIOMARKERS,LinearSVM
0.9600000000000001,0.0,0,0,57,BIOMARKERS,LinearSVM
0.97,0.0,0,0,57,BIOMARKERS,LinearSVM
0.98,0.0,0,0,57,BIOMARKERS,LinearSVM
0.99,0.0,0,0,57,BIOMARKERS,LinearSVM
0.01,0.4341662236399078,25,25,57,BIOMARKERS,LogReg
0.02,0.4300035803795202,25,24,57,BIOMARKERS,LogReg
0.03,0.4261168384879725,25,23,57,BIOMARKERS,LogReg
0.04,0.42178362573099415,25,23,57,BIOMARKERS,LogReg
0.05,0.4173591874422899,25,23,57,BIOMARKERS,LogReg
0.060000000000000005,0.41284061216871965,25,23,57,BIOMARKERS,LogReg
0.06999999999999999,0.40822486323335216,25,23,57,BIOMARKERS,LogReg
0.08,0.40503432494279173,25,22,57,BIOMARKERS,LogReg
0.09,0.4004241372662425,25,22,57,BIOMARKERS,LogReg
0.09999999999999999,0.39571150097465885,25,22,57,BIOMARKERS,LogReg
0.11,0.3908929627439385,25,22,57,BIOMARKERS,LogReg
0.12,0.38596491228070173,25,22,57,BIOMARKERS,LogReg
0.13,0.38092357330106874,25,22,57,BIOMARKERS,LogReg
0.14,0.3757649938800489,25,22,57,BIOMARKERS,LogReg
0.15000000000000002,0.370485036119711,25,22,57,BIOMARKERS,LogReg
0.16,0.36507936507936506,25,22,57,BIOMARKERS,LogReg
0.17,0.35954343690551677,25,22,57,BIOMARKERS,LogReg
0.18000000000000002,0.3538724860932819,25,22,57,BIOMARKERS,LogReg
0.19,0.34806151180420186,25,22,57,BIOMARKERS,LogReg
0.2,0.3421052631578947,25,22,57,BIOMARKERS,LogReg
0.21000000000000002,0.3359982234066178,25,22,57,BIOMARKERS,LogReg
0.22,0.32973459289248763,25,22,57,BIOMARKERS,LogReg
0.23,0.3233082706766917,25,22,57,BIOMARKERS,LogReg
0.24000000000000002,0.322253000923361,25,21,57,BIOMARKERS,LogReg
0.25,0.3157894736842105,25,21,57,BIOMARKERS,LogReg
0.26,0.30915125651967756,25,21,57,BIOMARKERS,LogReg
0.27,0.30233117039173274,25,21,57,BIOMARKERS,LogReg
0.28,0.27777777777777773,24,21,57,BIOMARKERS,LogReg
0.29000000000000004,0.2705707931801334,24,21,57,BIOMARKERS,LogReg
0.3,0.2631578947368421,24,21,57,BIOMARKERS,LogReg
0.31,0.25553012967200606,24,21,57,BIOMARKERS,LogReg
0.32,0.24767801857585137,24,21,57,BIOMARKERS,LogReg
0.33,0.23959151610369203,24,21,57,BIOMARKERS,LogReg
0.34,0.2312599681020733,24,21,57,BIOMARKERS,LogReg
0.35000000000000003,0.2510121457489878,24,18,57,BIOMARKERS,LogReg
0.36000000000000004,0.2532894736842105,24,17,57,BIOMARKERS,LogReg
0.37,0.24589250905040377,24,17,57,BIOMARKERS,LogReg
0.38,0.22071307300509335,23,17,57,BIOMARKERS,LogReg
0.39,0.21282714984181764,23,17,57,BIOMARKERS,LogReg
0.4,0.20467836257309938,23,17,57,BIOMARKERS,LogReg
0.41000000000000003,0.2206363366042224,23,15,57,BIOMARKERS,LogReg
0.42000000000000004,0.21294615849969747,23,15,57,BIOMARKERS,LogReg
0.43,0.20498614958448755,23,15,57,BIOMARKERS,LogReg
0.44,0.20676691729323307,22,13,57,BIOMARKERS,LogReg
0.45,0.19936204146730463,22,13,57,BIOMARKERS,LogReg
0.46,0.19168291098115658,22,13,57,BIOMARKERS,LogReg
0.47000000000000003,0.1837140019860973,22,13,57,BIOMARKERS,LogReg
0.48000000000000004,0.17543859649122806,22,13,57,BIOMARKERS,LogReg
0.49,0.18369453044375647,22,12,57,BIOMARKERS,LogReg
0.5,0.15789473684210525,21,12,57,BIOMARKERS,LogReg
0.51,0.1317579663444325,20,12,57,BIOMARKERS,LogReg
0.52,0.14327485380116955,19,10,57,BIOMARKERS,LogReg
0.53,0.11795446061963416,18,10,57,BIOMARKERS,LogReg
0.54,0.15102974828375285,18,8,57,BIOMARKERS,LogReg
0.55,0.14424951267056524,18,8,57,BIOMARKERS,LogReg
0.56,0.06698564593301432,14,8,57,BIOMARKERS,LogReg
0.5700000000000001,0.11179110567115459,13,5,57,BIOMARKERS,LogReg
0.5800000000000001,0.08939014202172092,12,5,57,BIOMARKERS,LogReg
0.59,0.08429610611895594,12,5,57,BIOMARKERS,LogReg
0.6,0.07894736842105265,12,5,57,BIOMARKERS,LogReg
0.61,0.07332433648223122,12,5,57,BIOMARKERS,LogReg
0.62,0.06740535549399815,12,5,57,BIOMARKERS,LogReg
0.63,0.061166429587482224,12,5,57,BIOMARKERS,LogReg
0.64,0.05458089668615984,12,5,57,BIOMARKERS,LogReg
0.65,0.04761904761904759,12,5,57,BIOMARKERS,LogReg
0.66,0.040247678018575844,12,5,57,BIOMARKERS,LogReg
0.67,0.03242955874534817,12,5,57,BIOMARKERS,LogReg
0.68,0.006578947368421018,11,5,57,BIOMARKERS,LogReg
0.6900000000000001,-0.0022637238256933145,11,5,57,BIOMARKERS,LogReg
0.7000000000000001,-0.011695906432748593,11,5,57,BIOMARKERS,LogReg
0.7100000000000001,-0.021778584392014605,11,5,57,BIOMARKERS,LogReg
0.72,-0.03258145363408518,11,5,57,BIOMARKERS,LogReg
0.73,0.0032488628979857326,11,4,57,BIOMARKERS,LogReg
0.74,-0.006747638326585675,11,4,57,BIOMARKERS,LogReg
0.75,-0.03508771929824561,10,4,57,BIOMARKERS,LogReg
0.76,-0.04678362573099418,10,4,57,BIOMARKERS,LogReg
0.77,-0.059496567505720827,10,4,57,BIOMARKERS,LogReg
0.78,-0.07336523125996813,10,4,57,BIOMARKERS,LogReg
0.79,-0.08855472013366755,10,4,57,BIOMARKERS,LogReg
0.8,-0.10526315789473689,10,4,57,BIOMARKERS,LogReg
0.81,-0.04893813481071105,10,3,57,BIOMARKERS,LogReg
0.8200000000000001,0.015594541910331328,10,2,57,BIOMARKERS,LogReg
0.8300000000000001,0.004127966976264108,10,2,57,BIOMARKERS,LogReg
0.8400000000000001,-0.008771929824561514,10,2,57,BIOMARKERS,LogReg
0.85,-0.04093567251461985,9,2,57,BIOMARKERS,LogReg
0.86,0.032581453634085225,8,1,57,BIOMARKERS,LogReg
0.87,0.005398110661268565,7,1,57,BIOMARKERS,LogReg
0.88,-0.005847953216374269,7,1,57,BIOMARKERS,LogReg
0.89,-0.01913875598086126,7,1,57,BIOMARKERS,LogReg
0.9,-0.03508771929824564,7,1,57,BIOMARKERS,LogReg
0.91,-0.0545808966861599,7,1,57,BIOMARKERS,LogReg
0.92,-0.07894736842105274,7,1,57,BIOMARKERS,LogReg
0.93,-0.1102756892230578,7,1,57,BIOMARKERS,LogReg
0.9400000000000001,-0.15204678362573126,7,1,57,BIOMARKERS,LogReg
0.9500000000000001,-0.22807017543859698,6,1,57,BIOMARKERS,LogReg
0.9600000000000001,-0.33333333333333415,5,1,57,BIOMARKERS,LogReg
0.97,-0.47953216374268953,5,1,57,BIOMARKERS,LogReg
0.98,-0.7719298245614028,5,1,57,BIOMARKERS,LogReg
0.99,-1.6491228070175423,5,1,57,BIOMARKERS,LogReg
0.01,0.4331029594187489,25,31,57,BIOMARKERS,RF
0.02,0.4278553526673827,25,30,57,BIOMARKERS,RF
0.03,0.4228612769035992,25,29,57,BIOMARKERS,RF
0.04,0.4181286549707602,25,28,57,BIOMARKERS,RF
0.05,0.4136657433056325,25,27,57,BIOMARKERS,RF
0.060000000000000005,0.40836132885404997,25,27,57,BIOMARKERS,RF
0.06999999999999999,0.4029428409734012,25,27,57,BIOMARKERS,RF
0.08,0.39740655987795576,25,27,57,BIOMARKERS,RF
0.09,0.39348370927318294,25,26,57,BIOMARKERS,RF
0.09999999999999999,0.391812865497076,25,24,57,BIOMARKERS,RF
0.11,0.38655627833629014,25,24,57,BIOMARKERS,RF
0.12,0.3883572567783094,25,21,57,BIOMARKERS,RF
0.13,0.3835450695704779,25,21,57,BIOMARKERS,RF
0.14,0.3814769481844145,25,20,57,BIOMARKERS,RF
0.15000000000000002,0.38286893704850355,25,18,57,BIOMARKERS,RF
0.16,0.37844611528822053,25,18,57,BIOMARKERS,RF
0.17,0.37391671950961736,25,18,57,BIOMARKERS,RF
0.18000000000000002,0.37312794180573383,25,17,57,BIOMARKERS,RF
0.19,0.3686376434914447,25,17,57,BIOMARKERS,RF
0.2,0.3640350877192982,25,17,57,BIOMARKERS,RF
0.21000000000000002,0.37330668443260046,25,14,57,BIOMARKERS,RF
0.22,0.3742690058479532,25,13,57,BIOMARKERS,RF
0.23,0.37047163362952834,25,13,57,BIOMARKERS,RF
0.24000000000000002,0.3721144967682364,25,12,57,BIOMARKERS,RF
0.25,0.3742690058479532,25,11,57,BIOMARKERS,RF
0.26,0.37079184447605495,25,11,57,BIOMARKERS,RF
0.27,0.36721941840903627,25,11,57,BIOMARKERS,RF
0.28,0.36354775828460034,25,11,57,BIOMARKERS,RF
0.29000000000000004,0.3597726711144057,25,11,57,BIOMARKERS,RF
0.3,0.3558897243107769,25,11,57,BIOMARKERS,RF
0.31,0.3597762522247648,25,10,57,BIOMARKERS,RF
0.32,0.3560371517027864,25,10,57,BIOMARKERS,RF
0.33,0.35218643623985335,25,10,57,BIOMARKERS,RF
0.34,0.3482190324295587,25,10,57,BIOMARKERS,RF
0.35000000000000003,0.3441295546558704,25,10,57,BIOMARKERS,RF
0.36000000000000004,0.3223684210526315,24,10,57,BIOMARKERS,RF
0.37,0.3180172653856864,24,10,57,BIOMARKERS,RF
0.38,0.3242784380305602,24,9,57,BIOMARKERS,RF
0.39,0.32010353753235543,24,9,57,BIOMARKERS,RF
0.4,0.32748538011695905,24,8,57,BIOMARKERS,RF
0.41000000000000003,0.3235206660719595,24,8,57,BIOMARKERS,RF
0.42000000000000004,0.3321234119782214,24,7,57,BIOMARKERS,RF
0.43,0.3284087411511234,24,7,57,BIOMARKERS,RF
0.44,0.32456140350877194,24,7,57,BIOMARKERS,RF
0.45,0.32057416267942584,24,7,57,BIOMARKERS,RF
0.46,0.3313840155945419,24,6,57,BIOMARKERS,RF
0.47000000000000003,0.32770605759682225,24,6,57,BIOMARKERS,RF
0.48000000000000004,0.3238866396761133,24,6,57,BIOMARKERS,RF
0.49,0.31991744066047473,24,6,57,BIOMARKERS,RF
0.5,0.3157894736842105,24,6,57,BIOMARKERS,RF
0.51,0.31149301825993553,24,6,57,BIOMARKERS,RF
0.52,0.3070175438596491,24,6,57,BIOMARKERS,RF
0.53,0.3221351250466592,24,5,57,BIOMARKERS,RF
0.54,0.3386727688787185,24,4,57,BIOMARKERS,RF
0.55,0.33528265107212474,24,4,57,BIOMARKERS,RF
0.56,0.3317384370015949,24,4,57,BIOMARKERS,RF
0.5700000000000001,0.3280293757649938,24,4,57,BIOMARKERS,RF
0.5800000000000001,0.28905597326649957,22,4,57,BIOMARKERS,RF
0.59,0.28498074454428757,22,4,57,BIOMARKERS,RF
0.6,0.2631578947368421,21,4,57,BIOMARKERS,RF
0.61,0.24111560953666217,20,4,57,BIOMARKERS,RF
0.62,0.1837488457987073,17,4,57,BIOMARKERS,RF
0.63,0.17875770507349453,17,4,57,BIOMARKERS,RF
0.64,0.17348927875243664,17,4,57,BIOMARKERS,RF
0.65,0.21553884711779447,16,2,57,BIOMARKERS,RF
0.66,0.19504643962848295,15,2,57,BIOMARKERS,RF
0.67,0.17437533227006907,14,2,57,BIOMARKERS,RF
0.68,0.15350877192982454,13,2,57,BIOMARKERS,RF
0.6900000000000001,0.1148839841539332,11,2,57,BIOMARKERS,RF
0.7000000000000001,0.11111111111111109,11,2,57,BIOMARKERS,RF
0.7100000000000001,0.08953418027828186,10,2,57,BIOMARKERS,RF
0.72,0.08521303258145364,10,2,57,BIOMARKERS,RF
0.73,0.06302794022092269,9,2,57,BIOMARKERS,RF
0.74,0.05802968960863698,9,2,57,BIOMARKERS,RF
0.75,0.08771929824561403,8,1,57,BIOMARKERS,RF
0.76,0.0847953216374269,8,1,57,BIOMARKERS,RF
0.77,0.06407322654462241,7,1,57,BIOMARKERS,RF
0.78,0.12280701754385964,7,0,57,BIOMARKERS,RF
0.79,0.12280701754385964,7,0,57,BIOMARKERS,RF
0.8,0.12280701754385964,7,0,57,BIOMARKERS,RF
0.81,0.12280701754385964,7,0,57,BIOMARKERS,RF
0.8200000000000001,0.12280701754385964,7,0,57,BIOMARKERS,RF
0.8300000000000001,0.08771929824561403,5,0,57,BIOMARKERS,RF
0.8400000000000001,0.08771929824561403,5,0,57,BIOMARKERS,RF
0.85,0.08771929824561403,5,0,57,BIOMARKERS,RF
0.86,0.08771929824561403,5,0,57,BIOMARKERS,RF
0.87,0.07017543859649122,4,0,57,BIOMARKERS,RF
0.88,0.05263157894736842,3,0,57,BIOMARKERS,RF
0.89,0.03508771929824561,2,0,57,BIOMARKERS,RF
0.9,0.017543859649122806,1,0,57,BIOMARKERS,RF
0.91,0.017543859649122806,1,0,57,BIOMARKERS,RF
0.92,0.017543859649122806,1,0,57,BIOMARKERS,RF
0.93,0.017543859649122806,1,0,57,BIOMARKERS,RF
0.9400000000000001,0.017543859649122806,1,0,57,BIOMARKERS,RF
0.9500000000000001,0.0,0,0,57,BIOMARKERS,RF
0.9600000000000001,0.0,0,0,57,BIOMARKERS,RF
0.97,0.0,0,0,57,BIOMARKERS,RF
0.98,0.0,0,0,57,BIOMARKERS,RF
0.99,0.0,0,0,57,BIOMARKERS,RF
0.01,0.4155590997696261,24,31,57,CLINICAL,HGB
0.02,0.4103114930182599,24,30,57,CLINICAL,HGB
0.03,0.40477482365708084,24,30,57,CLINICAL,HGB
0.04,0.3991228070175438,24,30,57,CLINICAL,HGB
0.05,0.39427516158818093,24,29,57,CLINICAL,HGB
0.060000000000000005,0.38857782754759235,24,29,57,CLINICAL,HGB
0.06999999999999999,0.34767025089605735,22,29,57,CLINICAL,HGB
0.08,0.34324942791762014,22,28,57,CLINICAL,HGB
0.09,0.3373819163292847,22,28,57,CLINICAL,HGB
0.09999999999999999,0.3313840155945419,22,28,57,CLINICAL,HGB
0.11,0.30770747092450224,21,28,57,CLINICAL,HGB
0.12,0.28389154704944175,20,28,57,CLINICAL,HGB
0.13,0.2800967937084089,20,27,57,CLINICAL,HGB
0.14,0.2766217870257038,20,26,57,CLINICAL,HGB
0.15000000000000002,0.2765737874097007,20,24,57,CLINICAL,HGB
0.16,0.25647451963241436,19,23,57,CLINICAL,HGB
0.17,0.2506869583597548,19,23,57,CLINICAL,HGB
0.18000000000000002,0.24860932819854512,19,22,57,CLINICAL,HGB
0.19,0.24691358024691357,19,21,57,CLINICAL,HGB
0.2,0.24561403508771928,19,20,57,CLINICAL,HGB
0.21000000000000002,0.2400621807683766,19,20,57,CLINICAL,HGB
0.22,0.21682411156095366,18,20,57,CLINICAL,HGB
0.23,0.21098200045568466,18,20,57,CLINICAL,HGB
0.24000000000000002,0.18744228993536471,17,20,57,CLINICAL,HGB
0.25,0.16374269005847952,16,20,57,CLINICAL,HGB
0.26,0.15742057847321003,16,20,57,CLINICAL,HGB
0.27,0.1574140831530882,16,19,57,CLINICAL,HGB
0.28,0.11598440545808963,14,19,57,CLINICAL,HGB
0.29000000000000004,0.11662960217445018,14,18,57,CLINICAL,HGB
0.3,0.11027568922305764,14,18,57,CLINICAL,HGB
0.31,0.10373760488176961,14,18,57,CLINICAL,HGB
0.32,0.10526315789473681,14,17,57,CLINICAL,HGB
0.33,0.08117308195862788,13,17,57,CLINICAL,HGB
0.34,0.08346624136097816,13,16,57,CLINICAL,HGB
0.35000000000000003,0.06882591093117407,12,15,57,CLINICAL,HGB
0.36000000000000004,0.06249999999999997,12,15,57,CLINICAL,HGB
0.37,0.04873294346978557,11,14,57,CLINICAL,HGB
0.38,0.04244482173174871,11,14,57,CLINICAL,HGB
0.39,0.0359505320678746,11,14,57,CLINICAL,HGB
0.4,0.029239766081871316,11,14,57,CLINICAL,HGB
0.41000000000000003,0.022301516503122204,11,14,57,CLINICAL,HGB
0.42000000000000004,0.015124016938898949,11,14,57,CLINICAL,HGB
0.43,0.007694675284702995,11,14,57,CLINICAL,HGB
0.44,0.0,11,14,57,CLINICAL,HGB
0.45,-0.025518341307814968,10,14,57,CLINICAL,HGB
0.46,-0.018843404808317088,10,13,57,CLINICAL,HGB
0.47000000000000003,-0.02681231380337637,10,13,57,CLINICAL,HGB
0.48000000000000004,-0.03508771929824561,10,13,57,CLINICAL,HGB
0.49,-0.026831785345717202,10,12,57,CLINICAL,HGB
0.5,-0.03508771929824561,10,12,57,CLINICAL,HGB
0.51,-0.043680630146795574,10,12,57,CLINICAL,HGB
0.52,-0.03362573099415209,10,11,57,CLINICAL,HGB
0.53,-0.022396416573348288,10,10,57,CLINICAL,HGB
0.54,-0.009916094584286828,10,9,57,CLINICAL,HGB
0.55,-0.01754385964912286,10,9,57,CLINICAL,HGB
0.56,-0.020733652312599715,9,8,57,CLINICAL,HGB
0.5700000000000001,-0.06323949408404739,7,8,57,CLINICAL,HGB
0.5800000000000001,-0.046783625730994205,7,7,57,CLINICAL,HGB
0.59,-0.053915275994865175,7,7,57,CLINICAL,HGB
0.6,-0.035087719298245584,7,6,57,CLINICAL,HGB
0.61,0.013045434098065675,7,4,57,CLINICAL,HGB
0.62,0.008310249307479228,7,4,57,CLINICAL,HGB
0.63,0.003319108582266486,7,4,57,CLINICAL,HGB
0.64,-0.019493177387914243,6,4,57,CLINICAL,HGB
0.65,-0.025062656641604036,6,4,57,CLINICAL,HGB
0.66,-0.03095975232198145,6,4,57,CLINICAL,HGB
0.67,-0.03721424774056356,6,4,57,CLINICAL,HGB
0.68,-0.07894736842105265,4,4,57,CLINICAL,HGB
0.6900000000000001,-0.046972269383135284,4,3,57,CLINICAL,HGB
0.7000000000000001,-0.052631578947368446,4,3,57,CLINICAL,HGB
0.7100000000000001,-0.09376890502117369,2,3,57,CLINICAL,HGB
0.72,-0.10025062656641603,2,3,57,CLINICAL,HGB
0.73,-0.059779077322936955,2,2,57,CLINICAL,HGB
0.74,-0.06477732793522266,2,2,57,CLINICAL,HGB
0.75,-0.07017543859649122,2,2,57,CLINICAL,HGB
0.76,-0.0760233918128655,2,2,57,CLINICAL,HGB
0.77,-0.08237986270022883,2,2,57,CLINICAL,HGB
0.78,-0.08931419457735248,2,2,57,CLINICAL,HGB
0.79,-0.0969089390142022,2,2,57,CLINICAL,HGB
0.8,-0.10526315789473686,2,2,57,CLINICAL,HGB
0.81,-0.11449676823638047,2,2,57,CLINICAL,HGB
0.8200000000000001,-0.12475633528265112,2,2,57,CLINICAL,HGB
0.8300000000000001,-0.13622291021671834,2,2,57,CLINICAL,HGB
0.8400000000000001,-0.14912280701754396,2,2,57,CLINICAL,HGB
0.85,-0.1637426900584795,2,2,57,CLINICAL,HGB
0.86,-0.07268170426065161,2,1,57,CLINICAL,HGB
0.87,-0.08232118758434546,2,1,57,CLINICAL,HGB
0.88,-0.0935672514619883,2,1,57,CLINICAL,HGB
0.89,-0.10685805422647529,2,1,57,CLINICAL,HGB
0.9,-0.12280701754385967,2,1,57,CLINICAL,HGB
0.91,-0.14230019493177393,2,1,57,CLINICAL,HGB
0.92,-0.16666666666666677,2,1,57,CLINICAL,HGB
0.93,-0.21553884711779464,1,1,57,CLINICAL,HGB
0.9400000000000001,-0.2748538011695909,0,1,57,CLINICAL,HGB
0.9500000000000001,0.0,0,0,57,CLINICAL,HGB
0.9600000000000001,0.0,0,0,57,CLINICAL,HGB
0.97,0.0,0,0,57,CLINICAL,HGB
0.98,0.0,0,0,57,CLINICAL,HGB
0.99,0.0,0,0,57,CLINICAL,HGB
0.01,0.4329257487152224,25,32,57,CLINICAL,LinearSVM
0.02,0.4271392767633369,25,32,57,CLINICAL,LinearSVM
0.03,0.42123349611141253,25,32,57,CLINICAL,LinearSVM
0.04,0.4152046783625731,25,32,57,CLINICAL,LinearSVM
0.05,0.4090489381348107,25,32,57,CLINICAL,LinearSVM
0.060000000000000005,0.40276222471071293,25,32,57,CLINICAL,LinearSVM
0.06999999999999999,0.3963403131484625,25,32,57,CLINICAL,LinearSVM
0.08,0.3897787948131197,25,32,57,CLINICAL,LinearSVM
0.09,0.3830730672835936,25,32,57,CLINICAL,LinearSVM
0.09999999999999999,0.3762183235867446,25,32,57,CLINICAL,LinearSVM
0.11,0.3692095407056968,25,32,57,CLINICAL,LinearSVM
0.12,0.36204146730462516,25,32,57,CLINICAL,LinearSVM
0.13,0.35470861060697717,25,32,57,CLINICAL,LinearSVM
0.14,0.3472052223582211,25,32,57,CLINICAL,LinearSVM
0.15000000000000002,0.33952528379772956,25,32,57,CLINICAL,LinearSVM
0.16,0.3316624895572264,25,32,57,CLINICAL,LinearSVM
0.17,0.32361023039526526,25,32,57,CLINICAL,LinearSVM
0.18000000000000002,0.3153615746683782,25,32,57,CLINICAL,LinearSVM
0.19,0.30690924842971623,25,32,57,CLINICAL,LinearSVM
0.2,0.2982456140350877,25,32,57,CLINICAL,LinearSVM
0.21000000000000002,0.2940262047523873,25,31,57,CLINICAL,LinearSVM
0.22,0.285200179937022,25,31,57,CLINICAL,LinearSVM
0.23,0.276144907723855,25,31,57,CLINICAL,LinearSVM
0.24000000000000002,0.2668513388734995,25,31,57,CLINICAL,LinearSVM
0.25,0.2573099415204678,25,31,57,CLINICAL,LinearSVM
0.26,0.2475106685633001,25,31,57,CLINICAL,LinearSVM
0.27,0.23744292237442918,25,31,57,CLINICAL,LinearSVM
0.28,0.2270955165692007,25,31,57,CLINICAL,LinearSVM
0.29000000000000004,0.21645663454410669,25,31,57,CLINICAL,LinearSVM
0.3,0.18796992481203004,24,31,57,CLINICAL,LinearSVM
0.31,0.1767098906687007,24,31,57,CLINICAL,LinearSVM
0.32,0.16511867905056754,24,31,57,CLINICAL,LinearSVM
0.33,0.15318146111547515,24,31,57,CLINICAL,LinearSVM
0.34,0.1323763955342902,23,30,57,CLINICAL,LinearSVM
0.35000000000000003,0.10256410256410253,22,30,57,CLINICAL,LinearSVM
0.36000000000000004,0.09978070175438586,22,29,57,CLINICAL,LinearSVM
0.37,0.07992202729044834,21,28,57,CLINICAL,LinearSVM
0.38,0.06734578381437462,21,28,57,CLINICAL,LinearSVM
0.39,0.03681334483750359,20,28,57,CLINICAL,LinearSVM
0.4,0.02339181286549702,20,28,57,CLINICAL,LinearSVM
0.41000000000000003,0.046089800773119194,20,25,57,CLINICAL,LinearSVM
0.42000000000000004,0.015728977616454864,19,25,57,CLINICAL,LinearSVM
0.43,-0.023699599876885136,16,23,57,CLINICAL,LinearSVM
0.44,-0.023809523809523808,12,17,57,CLINICAL,LinearSVM
0.45,-0.011164274322169043,10,13,57,CLINICAL,LinearSVM
0.46,0.005847953216374269,8,9,57,CLINICAL,LinearSVM
0.47000000000000003,-0.03674280039721947,5,8,57,CLINICAL,LinearSVM
0.48000000000000004,-0.026990553306342785,4,6,57,CLINICAL,LinearSVM
0.49,-0.04919160646714825,2,5,57,CLINICAL,LinearSVM
0.5,-0.07017543859649122,1,5,57,CLINICAL,LinearSVM
0.51,-0.07375581811672037,1,5,57,CLINICAL,LinearSVM
0.52,-0.0584795321637427,1,4,57,CLINICAL,LinearSVM
0.53,-0.041806644270250104,1,3,57,CLINICAL,LinearSVM
0.54,-0.04424103737604882,1,3,57,CLINICAL,LinearSVM
0.55,-0.02534113060428851,1,2,57,CLINICAL,LinearSVM
0.56,-0.027113237639553436,1,2,57,CLINICAL,LinearSVM
0.5700000000000001,-0.005711954304365573,1,1,57,CLINICAL,LinearSVM
0.5800000000000001,0.017543859649122806,1,0,57,CLINICAL,LinearSVM
0.59,0.017543859649122806,1,0,57,CLINICAL,LinearSVM
0.6,0.017543859649122806,1,0,57,CLINICAL,LinearSVM
0.61,0.017543859649122806,1,0,57,CLINICAL,LinearSVM
0.62,0.017543859649122806,1,0,57,CLINICAL,LinearSVM
0.63,0.017543859649122806,1,0,57,CLINICAL,LinearSVM
0.64,0.017543859649122806,1,0,57,CLINICAL,LinearSVM
0.65,0.017543859649122806,1,0,57,CLINICAL,LinearSVM
0.66,0.017543859649122806,1,0,57,CLINICAL,LinearSVM
0.67,0.017543859649122806,1,0,57,CLINICAL,LinearSVM
0.68,0.017543859649122806,1,0,57,CLINICAL,LinearSVM
0.6900000000000001,0.017543859649122806,1,0,57,CLINICAL,LinearSVM
0.7000000000000001,0.017543859649122806,1,0,57,CLINICAL,LinearSVM
0.7100000000000001,0.017543859649122806,1,0,57,CLINICAL,LinearSVM
0.72,0.017543859649122806,1,0,57,CLINICAL,LinearSVM
0.73,0.017543859649122806,1,0,57,CLINICAL,LinearSVM
0.74,0.017543859649122806,1,0,57,CLINICAL,LinearSVM
0.75,0.017543859649122806,1,0,57,CLINICAL,LinearSVM
0.76,0.017543859649122806,1,0,57,CLINICAL,LinearSVM
0.77,0.017543859649122806,1,0,57,CLINICAL,LinearSVM
0.78,0.017543859649122806,1,0,57,CLINICAL,LinearSVM
0.79,0.017543859649122806,1,0,57,CLINICAL,LinearSVM
0.8,0.017543859649122806,1,0,57,CLINICAL,LinearSVM
0.81,0.017543859649122806,1,0,57,CLINICAL,LinearSVM
0.8200000000000001,0.017543859649122806,1,0,57,CLINICAL,LinearSVM
0.8300000000000001,0.017543859649122806,1,0,57,CLINICAL,LinearSVM
0.8400000000000001,0.017543859649122806,1,0,57,CLINICAL,LinearSVM
0.85,0.017543859649122806,1,0,57,CLINICAL,LinearSVM
0.86,0.017543859649122806,1,0,57,CLINICAL,LinearSVM
0.87,0.017543859649122806,1,0,57,CLINICAL,LinearSVM
0.88,0.017543859649122806,1,0,57,CLINICAL,LinearSVM
0.89,0.017543859649122806,1,0,57,CLINICAL,LinearSVM
0.9,0.017543859649122806,1,0,57,CLINICAL,LinearSVM
0.91,0.017543859649122806,1,0,57,CLINICAL,LinearSVM
0.92,0.017543859649122806,1,0,57,CLINICAL,LinearSVM
0.93,0.017543859649122806,1,0,57,CLINICAL,LinearSVM
0.9400000000000001,0.017543859649122806,1,0,57,CLINICAL,LinearSVM
0.9500000000000001,0.017543859649122806,1,0,57,CLINICAL,LinearSVM
0.9600000000000001,0.017543859649122806,1,0,57,CLINICAL,LinearSVM
0.97,0.017543859649122806,1,0,57,CLINICAL,LinearSVM
0.98,0.017543859649122806,1,0,57,CLINICAL,LinearSVM
0.99,0.017543859649122806,1,0,57,CLINICAL,LinearSVM
0.01,0.39819245082402976,23,30,57,CLINICAL,LogReg
0.02,0.37593984962406013,22,28,57,CLINICAL,LogReg
0.03,0.3532284319045035,21,28,57,CLINICAL,LogReg
0.04,0.34795321637426896,21,28,57,CLINICAL,LogReg
0.05,0.3425669436749769,21,28,57,CLINICAL,LogReg
0.060000000000000005,0.33706606942889134,21,28,57,CLINICAL,LogReg
0.06999999999999999,0.33144689681192224,21,28,57,CLINICAL,LogReg
0.08,0.32570556826849734,21,28,57,CLINICAL,LogReg
0.09,0.3198380566801619,21,28,57,CLINICAL,LogReg
0.09999999999999999,0.3138401559454191,21,28,57,CLINICAL,LogReg
0.11,0.30770747092450224,21,28,57,CLINICAL,LogReg
0.12,0.3014354066985646,21,28,57,CLINICAL,LogReg
0.13,0.2950191570881226,21,28,57,CLINICAL,LogReg
0.14,0.28845369237046103,21,28,57,CLINICAL,LogReg
0.15000000000000002,0.28173374613003094,21,28,57,CLINICAL,LogReg
0.16,0.27485380116959063,21,28,57,CLINICAL,LogReg
0.17,0.26780807440287463,21,28,57,CLINICAL,LogReg
0.18000000000000002,0.2605905006418485,21,28,57,CLINICAL,LogReg
0.19,0.2531947151830193,21,28,57,CLINICAL,LogReg
0.2,0.24561403508771928,21,28,57,CLINICAL,LogReg
0.21000000000000002,0.23784143904063954,21,28,57,CLINICAL,LogReg
0.22,0.2123256860098965,20,28,57,CLINICAL,LogReg
0.23,0.20414673046251994,20,28,57,CLINICAL,LogReg
0.24000000000000002,0.19575253924284391,20,28,57,CLINICAL,LogReg
0.25,0.1871345029239766,20,28,57,CLINICAL,LogReg
0.26,0.1782835467045993,20,28,57,CLINICAL,LogReg
0.27,0.1691900985340062,20,28,57,CLINICAL,LogReg
0.28,0.15984405458089665,20,28,57,CLINICAL,LogReg
0.29000000000000004,0.1502347417840375,20,28,57,CLINICAL,LogReg
0.3,0.14786967418546362,20,27,57,CLINICAL,LogReg
0.31,0.13806254767353163,20,27,57,CLINICAL,LogReg
0.32,0.13622291021671823,20,26,57,CLINICAL,LogReg
0.33,0.12621105001309238,20,26,57,CLINICAL,LogReg
0.34,0.11589580010632636,20,26,57,CLINICAL,LogReg
0.35000000000000003,0.11470985155195676,20,25,57,CLINICAL,LogReg
0.36000000000000004,0.1041666666666666,20,25,57,CLINICAL,LogReg
0.37,0.09328877749930381,20,25,57,CLINICAL,LogReg
0.38,0.08205998868138087,20,25,57,CLINICAL,LogReg
0.39,0.05291918320391137,19,25,57,CLINICAL,LogReg
0.4,0.040935672514619825,19,25,57,CLINICAL,LogReg
0.41000000000000003,0.04073743681236991,19,24,57,CLINICAL,LogReg
0.42000000000000004,0.02843315184513001,19,24,57,CLINICAL,LogReg
0.43,0.015697137580794107,19,24,57,CLINICAL,LogReg
0.44,0.002506265664160401,19,24,57,CLINICAL,LogReg
0.45,-0.02870813397129185,18,24,57,CLINICAL,LogReg
0.46,-0.042884990253411304,18,24,57,CLINICAL,LogReg
0.47000000000000003,-0.05759682224428997,18,24,57,CLINICAL,LogReg
0.48000000000000004,-0.09041835357624833,17,24,57,CLINICAL,LogReg
0.49,-0.10629514963880282,17,24,57,CLINICAL,LogReg
0.5,-0.08771929824561403,17,22,57,CLINICAL,LogReg
0.51,-0.022556390977443608,6,7,57,CLINICAL,LogReg
0.52,-0.02777777777777779,6,7,57,CLINICAL,LogReg
0.53,0.006345651362448662,6,5,57,CLINICAL,LogReg
0.54,0.005339435545385199,5,4,57,CLINICAL,LogReg
0.55,0.0019493177387913951,5,4,57,CLINICAL,LogReg
0.56,-0.01913875598086126,4,4,57,CLINICAL,LogReg
0.5700000000000001,-0.02284781721746229,4,4,57,CLINICAL,LogReg
0.5800000000000001,-0.02673350041771097,4,4,57,CLINICAL,LogReg
0.59,-0.030808729139922955,4,4,57,CLINICAL,LogReg
0.6,-0.0350877192982456,4,4,57,CLINICAL,LogReg
0.61,-0.03958614484930274,4,4,57,CLINICAL,LogReg
0.62,-0.061865189289011996,3,4,57,CLINICAL,LogReg
0.63,-0.06685633001422474,3,4,57,CLINICAL,LogReg
0.64,-0.07212475633528266,3,4,57,CLINICAL,LogReg
0.65,-0.07769423558897245,3,4,57,CLINICAL,LogReg
0.66,-0.08359133126934987,3,4,57,CLINICAL,LogReg
0.67,-0.10738968633705478,2,4,57,CLINICAL,LogReg
0.68,-0.0767543859649123,2,3,57,CLINICAL,LogReg
0.6900000000000001,-0.0820599886813809,2,3,57,CLINICAL,LogReg
0.7000000000000001,-0.08771929824561406,2,3,57,CLINICAL,LogReg
0.7100000000000001,-0.09376890502117369,2,3,57,CLINICAL,LogReg
0.72,-0.11779448621553884,1,3,57,CLINICAL,LogReg
0.73,-0.12475633528265104,1,3,57,CLINICAL,LogReg
0.74,-0.1322537112010796,1,3,57,CLINICAL,LogReg
0.75,-0.14035087719298245,1,3,57,CLINICAL,LogReg
0.76,-0.14912280701754388,1,3,57,CLINICAL,LogReg
0.77,-0.15865751334858885,1,3,57,CLINICAL,LogReg
0.78,-0.16905901116427433,1,3,57,CLINICAL,LogReg
0.79,-0.18045112781954892,1,3,57,CLINICAL,LogReg
0.8,-0.19298245614035092,1,3,57,CLINICAL,LogReg
0.81,-0.2068328716528163,1,3,57,CLINICAL,LogReg
0.8200000000000001,-0.2222222222222223,1,3,57,CLINICAL,LogReg
0.8300000000000001,-0.2394220846233231,1,3,57,CLINICAL,LogReg
0.8400000000000001,-0.2587719298245616,1,3,57,CLINICAL,LogReg
0.85,-0.28070175438596484,1,3,57,CLINICAL,LogReg
0.86,-0.19799498746867164,1,2,57,CLINICAL,LogReg
0.87,-0.21727395411605935,1,2,57,CLINICAL,LogReg
0.88,-0.23976608187134502,1,2,57,CLINICAL,LogReg
0.89,-0.266347687400319,1,2,57,CLINICAL,LogReg
0.9,-0.29824561403508776,1,2,57,CLINICAL,LogReg
0.91,-0.15984405458089673,1,1,57,CLINICAL,LogReg
0.92,-0.18421052631578957,1,1,57,CLINICAL,LogReg
0.93,-0.21553884711779464,1,1,57,CLINICAL,LogReg
0.9400000000000001,-0.2573099415204681,1,1,57,CLINICAL,LogReg
0.9500000000000001,-0.315789473684211,1,1,57,CLINICAL,LogReg
0.9600000000000001,-0.40350877192982537,1,1,57,CLINICAL,LogReg
0.97,-0.5497076023391807,1,1,57,CLINICAL,LogReg
0.98,-0.842105263157894,1,1,57,CLINICAL,LogReg
0.99,-1.7192982456140335,1,1,57,CLINICAL,LogReg
0.01,0.4329257487152224,25,32,57,CLINICAL,RF
0.02,0.4271392767633369,25,32,57,CLINICAL,RF
0.03,0.42123349611141253,25,32,57,CLINICAL,RF
0.04,0.4152046783625731,25,32,57,CLINICAL,RF
0.05,0.4090489381348107,25,32,57,CLINICAL,RF
0.060000000000000005,0.40276222471071293,25,32,57,CLINICAL,RF
0.06999999999999999,0.3963403131484625,25,32,57,CLINICAL,RF
0.08,0.3897787948131197,25,32,57,CLINICAL,RF
0.09,0.3830730672835936,25,32,57,CLINICAL,RF
0.09999999999999999,0.3762183235867446,25,32,57,CLINICAL,RF
0.11,0.3692095407056968,25,32,57,CLINICAL,RF
0.12,0.36204146730462516,25,32,57,CLINICAL,RF
0.13,0.35470861060697717,25,32,57,CLINICAL,RF
0.14,0.3472052223582211,25,32,57,CLINICAL,RF
0.15000000000000002,0.33952528379772956,25,32,57,CLINICAL,RF
0.16,0.3316624895572264,25,32,57,CLINICAL,RF
0.17,0.32361023039526526,25,32,57,CLINICAL,RF
0.18000000000000002,0.3153615746683782,25,32,57,CLINICAL,RF
0.19,0.30690924842971623,25,32,57,CLINICAL,RF
0.2,0.2982456140350877,25,32,57,CLINICAL,RF
0.21000000000000002,0.2893626471241394,25,32,57,CLINICAL,RF
0.22,0.2802519118308592,25,32,57,CLINICAL,RF
0.23,0.27090453406242876,25,32,57,CLINICAL,RF
0.24000000000000002,0.26131117266851334,25,32,57,CLINICAL,RF
0.25,0.25146198830409355,25,32,57,CLINICAL,RF
0.26,0.2475106685633001,25,31,57,CLINICAL,RF
0.27,0.23744292237442918,25,31,57,CLINICAL,RF
0.28,0.23391812865497072,25,30,57,CLINICAL,RF
0.29000000000000004,0.22362243637262164,25,30,57,CLINICAL,RF
0.3,0.21303258145363405,25,30,57,CLINICAL,RF
0.31,0.20213577421815404,25,30,57,CLINICAL,RF
0.32,0.19091847265221876,25,30,57,CLINICAL,RF
0.33,0.18800733176224133,25,29,57,CLINICAL,RF
0.34,0.17650186071238694,25,29,57,CLINICAL,RF
0.35000000000000003,0.1470985155195681,24,29,57,CLINICAL,RF
0.36000000000000004,0.13706140350877188,23,27,57,CLINICAL,RF
0.37,0.13561681982734614,23,26,57,CLINICAL,RF
0.38,0.12393887945670629,23,26,57,CLINICAL,RF
0.39,0.11187805579522575,23,26,57,CLINICAL,RF
0.4,0.0818713450292397,22,26,57,CLINICAL,RF
0.41000000000000003,0.051442164733868534,21,26,57,CLINICAL,RF
0.42000000000000004,0.07138535995160311,20,22,57,CLINICAL,RF
0.43,0.07294552169898433,20,21,57,CLINICAL,RF
0.44,0.08897243107769426,20,19,57,CLINICAL,RF
0.45,0.05422647527910687,17,17,57,CLINICAL,RF
0.46,0.02664067576348278,16,17,57,CLINICAL,RF
0.47000000000000003,0.047335319430652084,16,15,57,CLINICAL,RF
0.48000000000000004,0.05398110661268554,16,14,57,CLINICAL,RF
0.49,0.042655658754729986,13,11,57,CLINICAL,RF
0.5,0.0,10,10,57,CLINICAL,RF
0.51,-0.00572860723236665,8,8,57,CLINICAL,RF
0.52,-0.02777777777777779,6,7,57,CLINICAL,RF
0.53,0.026129152668906294,6,4,57,CLINICAL,RF
0.54,0.005339435545385199,5,4,57,CLINICAL,RF
0.55,0.04483430799220271,5,2,57,CLINICAL,RF
0.56,0.025518341307814982,4,2,57,CLINICAL,RF
0.5700000000000001,0.023663810689514467,4,2,57,CLINICAL,RF
0.5800000000000001,0.021720969089390127,4,2,57,CLINICAL,RF
0.59,0.019683354728284135,4,2,57,CLINICAL,RF
0.6,6.938893903907228e-18,3,2,57,CLINICAL,RF
0.61,0.025191183085919926,3,1,57,CLINICAL,RF
0.62,0.03508771929824561,2,0,57,CLINICAL,RF
0.63,0.017543859649122806,1,0,57,CLINICAL,RF
0.64,0.017543859649122806,1,0,57,CLINICAL,RF
0.65,0.0,0,0,57,CLINICAL,RF
0.66,0.0,0,0,57,CLINICAL,RF
0.67,0.0,0,0,57,CLINICAL,RF
0.68,0.0,0,0,57,CLINICAL,RF
0.6900000000000001,0.0,0,0,57,CLINICAL,RF
0.7000000000000001,0.0,0,0,57,CLINICAL,RF
0.7100000000000001,0.0,0,0,57,CLINICAL,RF
0.72,0.0,0,0,57,CLINICAL,RF
0.73,0.0,0,0,57,CLINICAL,RF
0.74,0.0,0,0,57,CLINICAL,RF
0.75,0.0,0,0,57,CLINICAL,RF
0.76,0.0,0,0,57,CLINICAL,RF
0.77,0.0,0,0,57,CLINICAL,RF
0.78,0.0,0,0,57,CLINICAL,RF
0.79,0.0,0,0,57,CLINICAL,RF
0.8,0.0,0,0,57,CLINICAL,RF
0.81,0.0,0,0,57,CLINICAL,RF
0.8200000000000001,0.0,0,0,57,CLINICAL,RF
0.8300000000000001,0.0,0,0,57,CLINICAL,RF
0.8400000000000001,0.0,0,0,57,CLINICAL,RF
0.85,0.0,0,0,57,CLINICAL,RF
0.86,0.0,0,0,57,CLINICAL,RF
0.87,0.0,0,0,57,CLINICAL,RF
0.88,0.0,0,0,57,CLINICAL,RF
0.89,0.0,0,0,57,CLINICAL,RF
0.9,0.0,0,0,57,CLINICAL,RF
0.91,0.0,0,0,57,CLINICAL,RF
0.92,0.0,0,0,57,CLINICAL,RF
0.93,0.0,0,0,57,CLINICAL,RF
0.9400000000000001,0.0,0,0,57,CLINICAL,RF
0.9500000000000001,0.0,0,0,57,CLINICAL,RF
0.9600000000000001,0.0,0,0,57,CLINICAL,RF
0.97,0.0,0,0,57,CLINICAL,RF
0.98,0.0,0,0,57,CLINICAL,RF
0.99,0.0,0,0,57,CLINICAL,RF
0.01,0.4329257487152224,25,32,57,FULL,HGB
0.02,0.4282133906194056,25,29,57,FULL,HGB
0.03,0.39482727437149573,23,16,57,FULL,HGB
0.04,0.3954678362573099,23,11,57,FULL,HGB
0.05,0.39519852262234534,23,9,57,FULL,HGB
0.060000000000000005,0.39455020530048523,23,8,57,FULL,HGB
0.06999999999999999,0.3942652329749104,23,7,57,FULL,HGB
0.08,0.39588100686498856,23,5,57,FULL,HGB
0.09,0.396568343936765,23,4,57,FULL,HGB
0.09999999999999999,0.39766081871345027,23,3,57,FULL,HGB
0.11,0.39700374531835203,23,3,57,FULL,HGB
0.12,0.3963317384370016,23,3,57,FULL,HGB
0.13,0.39564428312159705,23,3,57,FULL,HGB
0.14,0.397796817625459,23,2,57,FULL,HGB
0.15000000000000002,0.39731682146542824,23,2,57,FULL,HGB
0.16,0.3968253968253968,23,2,57,FULL,HGB
0.17,0.3963221306277742,23,2,57,FULL,HGB
0.18000000000000002,0.3958065896448438,23,2,57,FULL,HGB
0.19,0.3952783192549274,23,2,57,FULL,HGB
0.2,0.39473684210526316,23,2,57,FULL,HGB
0.21000000000000002,0.3941816566733289,23,2,57,FULL,HGB
0.22,0.39361223571749887,23,2,57,FULL,HGB
0.23,0.39302802460697195,23,2,57,FULL,HGB
0.24000000000000002,0.39242843951985223,23,2,57,FULL,HGB
0.25,0.391812865497076,23,2,57,FULL,HGB
0.26,0.39118065433854904,23,2,57,FULL,HGB
0.27,0.39053112232636383,23,2,57,FULL,HGB
0.28,0.3898635477582846,23,2,57,FULL,HGB
0.29000000000000004,0.38917716827279464,23,2,57,FULL,HGB
0.3,0.38847117794486213,23,2,57,FULL,HGB
0.31,0.395626748029494,23,1,57,FULL,HGB
0.32,0.39525283797729616,23,1,57,FULL,HGB
0.33,0.39486776643100285,23,1,57,FULL,HGB
0.34,0.3944710260499734,23,1,57,FULL,HGB
0.35000000000000003,0.3940620782726046,23,1,57,FULL,HGB
0.36000000000000004,0.39364035087719296,23,1,57,FULL,HGB
0.37,0.39320523531049845,23,1,57,FULL,HGB
0.38,0.39275608375778154,23,1,57,FULL,HGB
0.39,0.39229220592464764,23,1,57,FULL,HGB
0.4,0.391812865497076,23,1,57,FULL,HGB
0.41000000000000003,0.3913172762414511,23,1,57,FULL,HGB
0.42000000000000004,0.40350877192982454,23,0,57,FULL,HGB
0.43,0.40350877192982454,23,0,57,FULL,HGB
0.44,0.40350877192982454,23,0,57,FULL,HGB
0.45,0.40350877192982454,23,0,57,FULL,HGB
0.46,0.40350877192982454,23,0,57,FULL,HGB
0.47000000000000003,0.40350877192982454,23,0,57,FULL,HGB
0.48000000000000004,0.40350877192982454,23,0,57,FULL,HGB
0.49,0.40350877192982454,23,0,57,FULL,HGB
0.5,0.40350877192982454,23,0,57,FULL,HGB
0.51,0.40350877192982454,23,0,57,FULL,HGB
0.52,0.40350877192982454,23,0,57,FULL,HGB
0.53,0.40350877192982454,23,0,57,FULL,HGB
0.54,0.40350877192982454,23,0,57,FULL,HGB
0.55,0.40350877192982454,23,0,57,FULL,HGB
0.56,0.40350877192982454,23,0,57,FULL,HGB
0.5700000000000001,0.40350877192982454,23,0,57,FULL,HGB
0.5800000000000001,0.40350877192982454,23,0,57,FULL,HGB
0.59,0.40350877192982454,23,0,57,FULL,HGB
0.6,0.40350877192982454,23,0,57,FULL,HGB
0.61,0.40350877192982454,23,0,57,FULL,HGB
0.62,0.40350877192982454,23,0,57,FULL,HGB
0.63,0.40350877192982454,23,0,57,FULL,HGB
0.64,0.40350877192982454,23,0,57,FULL,HGB
0.65,0.40350877192982454,23,0,57,FULL,HGB
0.66,0.40350877192982454,23,0,57,FULL,HGB
0.67,0.40350877192982454,23,0,57,FULL,HGB
0.68,0.40350877192982454,23,0,57,FULL,HGB
0.6900000000000001,0.40350877192982454,23,0,57,FULL,HGB
0.7000000000000001,0.40350877192982454,23,0,57,FULL,HGB
0.7100000000000001,0.40350877192982454,23,0,57,FULL,HGB
0.72,0.40350877192982454,23,0,57,FULL,HGB
0.73,0.40350877192982454,23,0,57,FULL,HGB
0.74,0.40350877192982454,23,0,57,FULL,HGB
0.75,0.40350877192982454,23,0,57,FULL,HGB
0.76,0.40350877192982454,23,0,57,FULL,HGB
0.77,0.40350877192982454,23,0,57,FULL,HGB
0.78,0.40350877192982454,23,0,57,FULL,HGB
0.79,0.40350877192982454,23,0,57,FULL,HGB
0.8,0.40350877192982454,23,0,57,FULL,HGB
0.81,0.40350877192982454,23,0,57,FULL,HGB
0.8200000000000001,0.40350877192982454,23,0,57,FULL,HGB
0.8300000000000001,0.40350877192982454,23,0,57,FULL,HGB
0.8400000000000001,0.40350877192982454,23,0,57,FULL,HGB
0.85,0.40350877192982454,23,0,57,FULL,HGB
0.86,0.40350877192982454,23,0,57,FULL,HGB
0.87,0.40350877192982454,23,0,57,FULL,HGB
0.88,0.3684210526315789,21,0,57,FULL,HGB
0.89,0.3508771929824561,20,0,57,FULL,HGB
0.9,0.3508771929824561,20,0,57,FULL,HGB
0.91,0.3508771929824561,20,0,57,FULL,HGB
0.92,0.3508771929824561,20,0,57,FULL,HGB
0.93,0.2807017543859649,16,0,57,FULL,HGB
0.9400000000000001,0.2807017543859649,16,0,57,FULL,HGB
0.9500000000000001,0.24561403508771928,14,0,57,FULL,HGB
0.9600000000000001,0.19298245614035087,11,0,57,FULL,HGB
0.97,0.07017543859649122,4,0,57,FULL,HGB
0.98,0.0,0,0,57,FULL,HGB
0.99,0.0,0,0,57,FULL,HGB
0.01,0.416267942583732,24,27,57,FULL,LinearSVM
0.02,0.4124597207303974,24,24,57,FULL,LinearSVM
0.03,0.4085729788388497,24,23,57,FULL,LinearSVM
0.04,0.40423976608187134,24,23,57,FULL,LinearSVM
0.05,0.40166204986149584,24,21,57,FULL,LinearSVM
0.060000000000000005,0.39753639417693165,24,21,57,FULL,LinearSVM
0.06999999999999999,0.3946425202791926,24,20,57,FULL,LinearSVM
0.08,0.3905415713196033,24,20,57,FULL,LinearSVM
0.09,0.3863504916136495,24,20,57,FULL,LinearSVM
0.09999999999999999,0.3840155945419103,24,19,57,FULL,LinearSVM
0.11,0.3841908141139365,24,17,57,FULL,LinearSVM
0.12,0.3827751196172249,24,16,57,FULL,LinearSVM
0.13,0.38173018753781,24,15,57,FULL,LinearSVM
0.14,0.38106895144838837,24,14,57,FULL,LinearSVM
0.15000000000000002,0.36016511867905054,23,14,57,FULL,LinearSVM
0.16,0.36006683375104426,23,13,57,FULL,LinearSVM
0.17,0.3392517438173747,22,13,57,FULL,LinearSVM
0.18000000000000002,0.3359007274283269,22,13,57,FULL,LinearSVM
0.19,0.336582196231319,22,12,57,FULL,LinearSVM
0.2,0.3333333333333333,22,12,57,FULL,LinearSVM
0.21000000000000002,0.3300022207417277,22,12,57,FULL,LinearSVM
0.22,0.3265856950067476,22,12,57,FULL,LinearSVM
0.23,0.3230804283435862,22,12,57,FULL,LinearSVM
0.24000000000000002,0.3250230840258541,22,11,57,FULL,LinearSVM
0.25,0.32748538011695905,22,10,57,FULL,LinearSVM
0.26,0.3243243243243243,22,10,57,FULL,LinearSVM
0.27,0.3210766642633982,22,10,57,FULL,LinearSVM
0.28,0.3245614035087719,22,9,57,FULL,LinearSVM
0.29000000000000004,0.3214726958240672,22,9,57,FULL,LinearSVM
0.3,0.3182957393483709,22,9,57,FULL,LinearSVM
0.31,0.3150266971777269,22,9,57,FULL,LinearSVM
0.32,0.31166150670794635,22,9,57,FULL,LinearSVM
0.33,0.31683686829012825,22,8,57,FULL,LinearSVM
0.34,0.3136629452418926,22,8,57,FULL,LinearSVM
0.35000000000000003,0.31039136302294196,22,8,57,FULL,LinearSVM
0.36000000000000004,0.3070175438596491,22,8,57,FULL,LinearSVM
0.37,0.303536619326093,22,8,57,FULL,LinearSVM
0.38,0.31069609507640067,22,7,57,FULL,LinearSVM
0.39,0.3074489502444636,22,7,57,FULL,LinearSVM
0.4,0.3157894736842105,22,6,57,FULL,LinearSVM
0.41000000000000003,0.3128159381504609,22,6,57,FULL,LinearSVM
0.42000000000000004,0.3097398669086509,22,6,57,FULL,LinearSVM
0.43,0.3065558633425669,22,6,57,FULL,LinearSVM
0.44,0.3170426065162907,22,5,57,FULL,LinearSVM
0.45,0.3141945773524721,22,5,57,FULL,LinearSVM
0.46,0.32618583495776476,22,4,57,FULL,LinearSVM
0.47000000000000003,0.32373386295928497,22,4,57,FULL,LinearSVM
0.48000000000000004,0.32118758434547906,22,4,57,FULL,LinearSVM
0.49,0.31854145166838665,22,4,57,FULL,LinearSVM
0.5,0.3157894736842105,22,4,57,FULL,LinearSVM
0.51,0.27783745076978156,20,4,57,FULL,LinearSVM
0.52,0.27485380116959063,20,4,57,FULL,LinearSVM
0.53,0.2717431877566256,20,4,57,FULL,LinearSVM
0.54,0.2684973302822273,20,4,57,FULL,LinearSVM
0.55,0.2651072124756335,20,4,57,FULL,LinearSVM
0.56,0.26156299840510366,20,4,57,FULL,LinearSVM
0.5700000000000001,0.2578539371685026,20,4,57,FULL,LinearSVM
0.5800000000000001,0.27819548872180444,20,3,57,FULL,LinearSVM
0.59,0.30038510911424904,20,2,57,FULL,LinearSVM
0.6,0.2982456140350877,20,2,57,FULL,LinearSVM
0.61,0.2959964012595591,20,2,57,FULL,LinearSVM
0.62,0.2936288088642659,20,2,57,FULL,LinearSVM
0.63,0.27358937885253676,19,2,57,FULL,LinearSVM
0.64,0.30214424951267055,19,1,57,FULL,LinearSVM
0.65,0.3007518796992481,19,1,57,FULL,LinearSVM
0.66,0.29927760577915374,19,1,57,FULL,LinearSVM
0.67,0.2977139819245082,19,1,57,FULL,LinearSVM
0.68,0.3333333333333333,19,0,57,FULL,LinearSVM
0.6900000000000001,0.3333333333333333,19,0,57,FULL,LinearSVM
0.7000000000000001,0.3157894736842105,18,0,57,FULL,LinearSVM
0.7100000000000001,0.2807017543859649,16,0,57,FULL,LinearSVM
0.72,0.2807017543859649,16,0,57,FULL,LinearSVM
0.73,0.2631578947368421,15,0,57,FULL,LinearSVM
0.74,0.22807017543859648,13,0,57,FULL,LinearSVM
0.75,0.22807017543859648,13,0,57,FULL,LinearSVM
0.76,0.22807017543859648,13,0,57,FULL,LinearSVM
0.77,0.22807017543859648,13,0,57,FULL,LinearSVM
0.78,0.19298245614035087,11,0,57,FULL,LinearSVM
0.79,0.19298245614035087,11,0,57,FULL,LinearSVM
0.8,0.19298245614035087,11,0,57,FULL,LinearSVM
0.81,0.17543859649122806,10,0,57,FULL,LinearSVM
0.8200000000000001,0.17543859649122806,10,0,57,FULL,LinearSVM
0.8300000000000001,0.17543859649122806,10,0,57,FULL,LinearSVM
0.8400000000000001,0.15789473684210525,9,0,57,FULL,LinearSVM
0.85,0.15789473684210525,9,0,57,FULL,LinearSVM
0.86,0.14035087719298245,8,0,57,FULL,LinearSVM
0.87,0.14035087719298245,8,0,57,FULL,LinearSVM
0.88,0.10526315789473684,6,0,57,FULL,LinearSVM
0.89,0.07017543859649122,4,0,57,FULL,LinearSVM
0.9,0.05263157894736842,3,0,57,FULL,LinearSVM
0.91,0.05263157894736842,3,0,57,FULL,LinearSVM
0.92,0.05263157894736842,3,0,57,FULL,LinearSVM
0.93,0.05263157894736842,3,0,57,FULL,LinearSVM
0.9400000000000001,0.03508771929824561,2,0,57,FULL,LinearSVM
0.9500000000000001,0.017543859649122806,1,0,57,FULL,LinearSVM
0.9600000000000001,0.017543859649122806,1,0,57,FULL,LinearSVM
0.97,0.017543859649122806,1,0,57,FULL,LinearSVM
0.98,0.017543859649122806,1,0,57,FULL,LinearSVM
0.99,0.017543859649122806,1,0,57,FULL,LinearSVM
0.01,0.4339890129363813,25,26,57,FULL,LogReg
0.02,0.4303616183315431,25,23,57,FULL,LogReg
0.03,0.4261168384879725,25,23,57,FULL,LogReg
0.04,0.4225146198830409,25,22,57,FULL,LogReg
0.05,0.4182825484764543,25,22,57,FULL,LogReg
0.060000000000000005,0.41396043299738705,25,22,57,FULL,LogReg
0.06999999999999999,0.4095453687983399,25,22,57,FULL,LogReg
0.08,0.40503432494279173,25,22,57,FULL,LogReg
0.09,0.4004241372662425,25,22,57,FULL,LogReg
0.09999999999999999,0.39766081871345027,25,21,57,FULL,LogReg
0.11,0.39306130494776265,25,21,57,FULL,LogReg
0.12,0.3883572567783094,25,21,57,FULL,LogReg
0.13,0.3835450695704779,25,21,57,FULL,LogReg
0.14,0.3786209710322317,25,21,57,FULL,LogReg
0.15000000000000002,0.3766769865841073,25,20,57,FULL,LogReg
0.16,0.3717627401837928,25,20,57,FULL,LogReg
0.17,0.3667300782075671,25,20,57,FULL,LogReg
0.18000000000000002,0.3615746683782627,25,20,57,FULL,LogReg
0.19,0.35629196447909894,25,20,57,FULL,LogReg
0.2,0.3508771929824561,25,20,57,FULL,LogReg
0.21000000000000002,0.34532533866311343,25,20,57,FULL,LogReg
0.22,0.3396311291048133,25,20,57,FULL,LogReg
0.23,0.3337890179995443,25,20,57,FULL,LogReg
0.24000000000000002,0.33887349953831947,25,18,57,FULL,LogReg
0.25,0.3333333333333333,25,18,57,FULL,LogReg
0.26,0.3338074917022285,25,17,57,FULL,LogReg
0.27,0.3347752944003845,25,16,57,FULL,LogReg
0.28,0.32943469785575047,25,16,57,FULL,LogReg
0.29000000000000004,0.32394366197183094,25,16,57,FULL,LogReg
0.3,0.3182957393483709,25,16,57,FULL,LogReg
0.31,0.3203661327231121,25,15,57,FULL,LogReg
0.32,0.31475748194014447,25,15,57,FULL,LogReg
0.33,0.3089814087457449,25,15,57,FULL,LogReg
0.34,0.31206804891015416,25,14,57,FULL,LogReg
0.35000000000000003,0.3063427800269905,25,14,57,FULL,LogReg
0.36000000000000004,0.32017543859649117,25,12,57,FULL,LogReg
0.37,0.3355611250348092,25,10,57,FULL,LogReg
0.38,0.33106960950764003,25,10,57,FULL,LogReg
0.39,0.3264308311763014,25,10,57,FULL,LogReg
0.4,0.3216374269005848,25,10,57,FULL,LogReg
0.41000000000000003,0.3166815343443354,25,10,57,FULL,LogReg
0.42000000000000004,0.32425892316999394,25,9,57,FULL,LogReg
0.43,0.3327177593105571,25,8,57,FULL,LogReg
0.44,0.3283208020050125,25,8,57,FULL,LogReg
0.45,0.3237639553429027,25,8,57,FULL,LogReg
0.46,0.3190383365821962,25,8,57,FULL,LogReg
0.47000000000000003,0.3141343925852367,25,8,57,FULL,LogReg
0.48000000000000004,0.3090418353576248,25,8,57,FULL,LogReg
0.49,0.32060543515651874,25,7,57,FULL,LogReg
0.5,0.3157894736842105,25,7,57,FULL,LogReg
0.51,0.3107769423558897,25,7,57,FULL,LogReg
0.52,0.3055555555555555,25,7,57,FULL,LogReg
0.53,0.3001119820828667,25,7,57,FULL,LogReg
0.54,0.29443173150266966,25,7,57,FULL,LogReg
0.55,0.2884990253411306,25,7,57,FULL,LogReg
0.56,0.28229665071770327,25,7,57,FULL,LogReg
0.5700000000000001,0.3802529579763362,23,1,57,FULL,LogReg
0.5800000000000001,0.40350877192982454,23,0,57,FULL,LogReg
0.59,0.40350877192982454,23,0,57,FULL,LogReg
0.6,0.40350877192982454,23,0,57,FULL,LogReg
0.61,0.40350877192982454,23,0,57,FULL,LogReg
0.62,0.40350877192982454,23,0,57,FULL,LogReg
0.63,0.40350877192982454,23,0,57,FULL,LogReg
0.64,0.40350877192982454,23,0,57,FULL,LogReg
0.65,0.40350877192982454,23,0,57,FULL,LogReg
0.66,0.40350877192982454,23,0,57,FULL,LogReg
0.67,0.40350877192982454,23,0,57,FULL,LogReg
0.68,0.3684210526315789,21,0,57,FULL,LogReg
0.6900000000000001,0.3333333333333333,19,0,57,FULL,LogReg
0.7000000000000001,0.3333333333333333,19,0,57,FULL,LogReg
0.7100000000000001,0.2982456140350877,17,0,57,FULL,LogReg
0.72,0.22807017543859648,13,0,57,FULL,LogReg
0.73,0.17543859649122806,10,0,57,FULL,LogReg
0.74,0.17543859649122806,10,0,57,FULL,LogReg
0.75,0.17543859649122806,10,0,57,FULL,LogReg
0.76,0.17543859649122806,10,0,57,FULL,LogReg
0.77,0.17543859649122806,10,0,57,FULL,LogReg
0.78,0.17543859649122806,10,0,57,FULL,LogReg
0.79,0.17543859649122806,10,0,57,FULL,LogReg
0.8,0.17543859649122806,10,0,57,FULL,LogReg
0.81,0.17543859649122806,10,0,57,FULL,LogReg
0.8200000000000001,0.17543859649122806,10,0,57,FULL,LogReg
0.8300000000000001,0.17543859649122806,10,0,57,FULL,LogReg
0.8400000000000001,0.17543859649122806,10,0,57,FULL,LogReg
0.85,0.17543859649122806,10,0,57,FULL,LogReg
0.86,0.17543859649122806,10,0,57,FULL,LogReg
0.87,0.17543859649122806,10,0,57,FULL,LogReg
0.88,0.17543859649122806,10,0,57,FULL,LogReg
0.89,0.17543859649122806,10,0,57,FULL,LogReg
0.9,0.17543859649122806,10,0,57,FULL,LogReg
0.91,0.17543859649122806,10,0,57,FULL,LogReg
0.92,0.17543859649122806,10,0,57,FULL,LogReg
0.93,0.17543859649122806,10,0,57,FULL,LogReg
0.9400000000000001,0.14035087719298245,8,0,57,FULL,LogReg
0.9500000000000001,0.10526315789473684,6,0,57,FULL,LogReg
0.9600000000000001,0.10526315789473684,6,0,57,FULL,LogReg
0.97,0.10526315789473684,6,0,57,FULL,LogReg
0.98,0.07017543859649122,4,0,57,FULL,LogReg
0.99,0.0,0,0,57,FULL,LogReg
0.01,0.4331029594187489,25,31,57,FULL,RF
0.02,0.4274973147153598,25,31,57,FULL,RF
0.03,0.4217760897088081,25,31,57,FULL,RF
0.04,0.4159356725146199,25,31,57,FULL,RF
0.05,0.4108956602031394,25,30,57,FULL,RF
0.060000000000000005,0.40612168719671515,25,29,57,FULL,RF
0.06999999999999999,0.4029428409734012,25,27,57,FULL,RF
0.08,0.39893211289092295,25,26,57,FULL,RF
0.09,0.39521881627144784,25,25,57,FULL,RF
0.09999999999999999,0.391812865497076,25,24,57,FULL,RF
0.11,0.38655627833629014,25,24,57,FULL,RF
0.12,0.3811802232854864,25,24,57,FULL,RF
0.13,0.38092357330106874,25,22,57,FULL,RF
0.14,0.3757649938800489,25,22,57,FULL,RF
0.15000000000000002,0.3766769865841073,25,20,57,FULL,RF
0.16,0.3717627401837928,25,20,57,FULL,RF
0.17,0.3703233988585922,25,19,57,FULL,RF
0.18000000000000002,0.36927685066324345,25,18,57,FULL,RF
0.19,0.3645224171539961,25,18,57,FULL,RF
0.2,0.35964912280701755,25,18,57,FULL,RF
0.21000000000000002,0.3639795691761048,25,16,57,FULL,RF
0.22,0.3643724696356275,25,15,57,FULL,RF
0.23,0.35999088630667575,25,15,57,FULL,RF
0.24000000000000002,0.35549399815327787,25,15,57,FULL,RF
0.25,0.3567251461988304,25,14,57,FULL,RF
0.26,0.3584637268847795,25,13,57,FULL,RF
0.27,0.35424176880557556,25,13,57,FULL,RF
0.28,0.37037037037037035,25,10,57,FULL,RF
0.29000000000000004,0.36693847294292065,25,10,57,FULL,RF
0.3,0.3634085213032581,25,10,57,FULL,RF
0.31,0.36765827612509533,25,9,57,FULL,RF
0.32,0.3808049535603715,25,7,57,FULL,RF
0.33,0.37810945273631835,25,7,57,FULL,RF
0.34,0.37533227006911213,25,7,57,FULL,RF
0.35000000000000003,0.3819163292847503,25,6,57,FULL,RF
0.36000000000000004,0.3991228070175438,25,4,57,FULL,RF
0.37,0.4076858813700919,25,3,57,FULL,RF
0.38,0.4063384267119411,25,3,57,FULL,RF
0.39,0.4161633592177164,25,2,57,FULL,RF
0.4,0.4152046783625731,25,2,57,FULL,RF
0.41000000000000003,0.4142134998513232,25,2,57,FULL,RF
0.42000000000000004,0.41318814277071986,25,2,57,FULL,RF
0.43,0.42536164973838103,25,1,57,FULL,RF
0.44,0.424812030075188,25,1,57,FULL,RF
0.45,0.4066985645933014,24,1,57,FULL,RF
0.46,0.4061078622482131,24,1,57,FULL,RF
0.47000000000000003,0.4054948692485932,24,1,57,FULL,RF
0.48000000000000004,0.42105263157894735,24,0,57,FULL,RF
0.49,0.42105263157894735,24,0,57,FULL,RF
0.5,0.42105263157894735,24,0,57,FULL,RF
0.51,0.42105263157894735,24,0,57,FULL,RF
0.52,0.40350877192982454,23,0,57,FULL,RF
0.53,0.40350877192982454,23,0,57,FULL,RF
0.54,0.40350877192982454,23,0,57,FULL,RF
0.55,0.40350877192982454,23,0,57,FULL,RF
0.56,0.3684210526315789,21,0,57,FULL,RF
0.5700000000000001,0.3684210526315789,21,0,57,FULL,RF
0.5800000000000001,0.3333333333333333,19,0,57,FULL,RF
0.59,0.3157894736842105,18,0,57,FULL,RF
0.6,0.3157894736842105,18,0,57,FULL,RF
0.61,0.2982456140350877,17,0,57,FULL,RF
0.62,0.2807017543859649,16,0,57,FULL,RF
0.63,0.2807017543859649,16,0,57,FULL,RF
0.64,0.2807017543859649,16,0,57,FULL,RF
0.65,0.2807017543859649,16,0,57,FULL,RF
0.66,0.2807017543859649,16,0,57,FULL,RF
0.67,0.2807017543859649,16,0,57,FULL,RF
0.68,0.2631578947368421,15,0,57,FULL,RF
0.6900000000000001,0.24561403508771928,14,0,57,FULL,RF
0.7000000000000001,0.22807017543859648,13,0,57,FULL,RF
0.7100000000000001,0.21052631578947367,12,0,57,FULL,RF
0.72,0.21052631578947367,12,0,57,FULL,RF
0.73,0.21052631578947367,12,0,57,FULL,RF
0.74,0.19298245614035087,11,0,57,FULL,RF
0.75,0.19298245614035087,11,0,57,FULL,RF
0.76,0.19298245614035087,11,0,57,FULL,RF
0.77,0.17543859649122806,10,0,57,FULL,RF
0.78,0.17543859649122806,10,0,57,FULL,RF
0.79,0.17543859649122806,10,0,57,FULL,RF
0.8,0.15789473684210525,9,0,57,FULL,RF
0.81,0.15789473684210525,9,0,57,FULL,RF
0.8200000000000001,0.15789473684210525,9,0,57,FULL,RF
0.8300000000000001,0.15789473684210525,9,0,57,FULL,RF
0.8400000000000001,0.14035087719298245,8,0,57,FULL,RF
0.85,0.14035087719298245,8,0,57,FULL,RF
0.86,0.14035087719298245,8,0,57,FULL,RF
0.87,0.12280701754385964,7,0,57,FULL,RF
0.88,0.12280701754385964,7,0,57,FULL,RF
0.89,0.10526315789473684,6,0,57,FULL,RF
0.9,0.08771929824561403,5,0,57,FULL,RF
0.91,0.07017543859649122,4,0,57,FULL,RF
0.92,0.07017543859649122,4,0,57,FULL,RF
0.93,0.07017543859649122,4,0,57,FULL,RF
0.9400000000000001,0.017543859649122806,1,0,57,FULL,RF
0.9500000000000001,0.0,0,0,57,FULL,RF
0.9600000000000001,0.0,0,0,57,FULL,RF
0.97,0.0,0,0,57,FULL,RF
0.98,0.0,0,0,57,FULL,RF
0.99,0.0,0,0,57,FULL,RF
